,000333.SZ,01988.HK,900905.SS,000786.SZ,510330.SS,000338.SZ,601229.SS,600660.SS,03968.HK,601166.SS,600909.SS,600031.SS,002839.SZ,601668.SS,511010.SS,600016.SS,000002.SZ,000651.SZ,600690.SS,200869.SZ
,美的集团,民生银行,老凤祥Ｂ,北新建材,华夏300,潍柴动力,上海银行,福耀玻璃,招商银行,兴业银行,华安证券,三一重工,张家港行,中国建筑,国债ETF,民生银行,万科Ａ,格力电器,青岛海尔,张裕Ｂ
2016-01-01,,,,,,,,,,,,,,,,,,,,
2016-01-04,30.12,6.876239,4.101,10.77,3.63,8.93,,14.37,16.097721,16.41,,6.03,,5.98,109.546,9.06,,20.21,,26.84
2016-01-05,31.33,6.848512,4.122,10.42,3.586,8.88,,14.37,15.656184,16.66,,6.03,,6.03,109.44,9.12,,20.85,,27.16
2016-01-06,31.59,6.756089,4.128,10.66,3.645,9.2,,14.73,15.435414,16.75,,6.26,,6.21,109.475,9.15,,21.02,,27.5
2016-01-07,29.04,6.506548,3.908,9.64,3.449,8.39,,13.86,14.736314,16.33,,5.79,,5.79,109.591,8.6,,19.58,,26.23
2016-01-08,29.81,6.608213,4.013,9.73,3.487,8.65,,14.62,14.736314,16.44,,6.0,,5.9,109.85,8.7,,20.25,,27.24
2016-01-11,28.4,6.377156,3.814,8.76,3.312,8.33,,14.13,14.349969,15.8,,5.83,,5.67,109.9,8.46,,19.39,,25.51
2016-01-12,28.81,6.404883,3.823,8.86,3.33,8.4,,14.26,14.607533,15.79,,5.89,,5.74,110.192,8.47,,19.55,,25.58
2016-01-13,28.99,6.414126,3.805,8.44,3.27,8.28,,13.98,14.644327,15.7,,5.76,,5.59,110.324,8.45,,19.3,,25.7
2016-01-14,29.6,6.414126,3.864,8.67,3.335,8.37,,14.23,14.441955,15.68,,5.81,,5.65,110.185,8.49,,19.55,,26.2
2016-01-15,28.39,6.247765,3.764,7.9,3.234,8.11,,13.94,14.055610,15.43,,5.52,,5.38,110.288,8.47,,18.8,,25.71
2016-01-18,27.8,6.164585,3.805,8.37,3.23,8.08,,14.02,13.724457,15.3,,5.48,,5.33,110.169,8.49,,18.85,,25.71
2016-01-19,28.82,6.303219,3.911,9.21,3.333,8.31,,14.4,13.926828,15.5,,5.64,,5.73,109.88,8.56,,19.66,,26.27
2016-01-20,28.03,6.035194,3.816,9.36,3.289,8.17,,14.11,13.448496,15.14,,5.52,,5.53,109.843,8.58,,19.28,,25.52
2016-01-21,27.03,5.915043,3.764,8.8,3.183,7.93,,13.9,13.246124,14.96,,5.39,,5.35,110.097,8.46,,18.71,,24.58
2016-01-22,27.08,6.146100,3.795,8.96,3.212,8.03,,14.0,13.614073,15.02,,5.42,,5.46,110.112,8.5,,19.09,,24.75
2016-01-25,27.2,6.192311,3.834,9.4,3.22,8.12,,13.92,13.706059,15.03,,5.44,,5.42,109.967,8.51,,19.23,,25.2
2016-01-26,25.85,6.127616,3.733,8.98,3.057,7.86,,13.34,13.319714,14.45,,5.01,,5.09,110.028,8.36,,18.6,,24.2
2016-01-27,26.23,6.183069,3.789,8.55,3.02,7.66,,13.07,13.356509,14.49,,4.93,,5.12,109.829,8.51,,18.48,,24.25
2016-01-28,26.51,6.164585,3.698,8.58,2.961,7.1,,12.53,13.485291,14.26,,4.69,,4.96,109.756,8.53,,18.31,,23.6
2016-01-29,27.31,6.321703,3.762,9.19,3.038,7.23,,12.9,13.724457,14.46,,4.81,,5.13,109.806,8.59,,18.73,,24.27
2016-02-01,27.35,6.266250,3.735,8.95,3.003,7.09,,13.06,13.540483,14.3,,4.63,,5.02,109.804,8.5,,18.44,8.93,23.62
2016-02-02,27.61,6.155342,3.791,9.25,3.066,7.21,,13.26,13.246124,14.44,,4.73,,5.13,109.789,8.49,,18.96,8.51,23.69
2016-02-03,27.17,5.979739,3.766,9.2,3.045,7.15,,13.26,12.804587,14.27,,4.74,,5.11,109.91,8.44,,18.84,8.27,23.85
2016-02-04,27.29,6.090647,3.913,9.27,3.086,7.24,,13.4,12.786190,14.38,,4.79,,5.17,109.874,8.46,,19.0,8.4,24.1
2016-02-05,27.42,6.239675,3.991,9.0,3.068,7.18,,13.38,12.970164,14.42,,4.76,,5.13,109.905,8.43,,18.85,8.28,24.0
2016-02-08,27.42,6.239675,3.991,9.0,3.068,7.18,,13.38,12.970164,14.42,,4.76,,5.13,109.905,8.43,,18.85,8.28,24.0
2016-02-09,27.42,6.239675,3.991,9.0,3.068,7.18,,13.38,12.970164,14.42,,4.76,,5.13,109.905,8.43,,18.85,8.28,24.0
2016-02-10,27.42,6.239675,3.991,9.0,3.068,7.18,,13.38,12.970164,14.42,,4.76,,5.13,109.905,8.43,,18.85,8.28,24.0
2016-02-11,27.42,6.005453,3.991,9.0,3.068,7.18,,13.38,12.234267,14.42,,4.76,,5.13,109.905,8.43,,18.85,8.28,24.0
2016-02-12,27.42,5.780600,3.991,9.0,3.068,7.18,,13.38,11.811128,14.42,,4.76,,5.13,109.905,8.43,,18.85,8.28,24.0
2016-02-15,26.96,6.024190,4.051,8.69,3.045,7.09,,13.2,12.639010,14.26,,4.69,,5.07,110.11,8.46,,18.64,8.11,23.5
2016-02-16,27.74,6.127248,4.05,9.06,3.132,7.37,,13.68,12.914971,14.55,,4.86,,5.22,110.106,8.58,,19.07,8.41,23.82
2016-02-17,27.95,6.136617,4.027,9.18,3.158,7.45,,13.76,13.043754,14.58,,4.91,,5.37,110.109,8.56,,19.2,8.47,23.78
2016-02-18,27.86,6.286519,4.03,9.29,3.152,7.43,,13.95,13.062150,14.52,,5.4,,5.33,110.042,8.59,,19.22,8.4,23.8
2016-02-19,27.6,6.239675,4.036,9.18,3.151,7.47,,13.93,12.878177,14.43,,5.43,,5.29,110.139,8.51,,19.22,8.33,23.68
2016-02-22,28.04,6.389577,4.035,9.62,3.219,7.65,,14.11,13.098945,14.74,,5.46,,5.46,110.135,8.6,,19.22,8.52,24.25
2016-02-23,27.87,6.352101,4.013,9.53,3.2,8.0,,13.91,13.264523,14.52,,5.37,,5.42,110.197,8.47,,19.22,8.4,24.02
2016-02-24,27.84,6.342732,4.007,10.01,3.212,7.9,,13.8,13.338112,14.57,,5.37,,5.45,110.366,8.5,,19.22,8.35,24.12
2016-02-25,26.47,6.164723,3.807,9.01,3.047,7.19,,13.21,13.025355,14.1,,4.92,,5.13,110.279,8.21,,19.22,7.78,23.01
2016-02-26,26.84,6.174092,3.843,9.01,3.05,7.32,,13.33,13.411701,14.24,,4.98,,5.15,110.362,8.31,,19.22,7.79,22.99
2016-02-29,26.07,5.977346,3.766,8.35,2.968,7.12,,13.11,13.393304,14.18,,4.89,,5.13,110.373,8.45,,19.22,7.48,22.33
2016-03-01,26.96,6.117879,3.85,8.6,3.02,7.3,,13.22,13.761251,14.18,,5.0,,5.24,110.53,8.43,,19.22,8.23,22.25
2016-03-02,29.18,6.277150,3.909,9.46,3.149,7.61,,13.92,14.441955,14.62,,5.3,,5.58,110.57,8.56,,19.22,8.59,23.1
2016-03-03,28.6,6.314626,3.901,9.77,3.151,7.69,,13.84,14.533943,14.74,,5.38,,5.52,110.498,8.7,,19.22,8.56,22.9
2016-03-04,29.12,6.558217,3.819,9.13,3.205,8.07,,14.12,15.104261,15.39,,5.53,,5.62,110.435,9.33,,19.22,8.7,22.71
2016-03-07,29.23,6.680012,3.835,9.22,3.21,8.07,,14.05,15.269838,15.12,,5.54,,5.6,110.399,9.17,,19.22,8.59,22.92
2016-03-08,28.85,6.614430,3.809,9.3,3.206,8.01,,14.22,14.773108,15.31,,5.48,,5.59,110.421,9.29,,19.22,8.57,22.74
2016-03-09,28.78,6.605062,3.756,8.96,3.169,7.81,,14.05,14.478749,15.37,,5.4,,5.57,110.5,9.34,,19.22,8.58,22.46
2016-03-10,29.03,6.530109,3.724,8.69,3.135,7.76,,13.84,14.460353,15.03,,5.32,,5.44,110.639,9.05,,19.22,8.32,22.5
2016-03-11,29.0,6.680012,3.762,8.78,3.131,7.74,,13.91,14.257981,15.17,,5.28,,5.48,110.937,9.12,,19.22,8.27,22.64
2016-03-14,29.55,6.680012,3.81,9.06,3.172,8.01,,14.09,14.681122,14.99,,5.45,,5.6,110.672,9.03,,19.22,8.47,23.39
2016-03-15,29.64,6.642537,3.758,8.97,3.18,7.91,,14.08,14.441955,15.37,,5.41,,5.82,110.636,9.17,,19.22,8.5,23.26
2016-03-16,29.26,6.642537,3.783,8.86,3.194,7.83,,14.42,14.460353,15.72,,5.46,,5.88,110.821,9.44,,19.22,8.64,23.01
2016-03-17,29.85,6.689381,3.804,9.08,3.226,7.97,,14.46,14.552340,15.43,,5.51,,5.83,110.82,9.2,,19.22,8.67,23.56
2016-03-18,30.04,6.829915,3.852,9.38,3.289,8.12,,14.29,15.067466,15.41,,5.56,,5.78,110.819,9.13,,19.22,8.77,24.0
2016-03-21,30.38,6.923603,3.884,9.87,3.369,8.26,,14.4,15.251440,15.53,,5.76,,5.85,110.714,9.2,,19.22,8.92,24.31
2016-03-22,30.54,6.820546,3.879,9.64,3.34,8.27,,14.92,15.177851,15.5,,5.67,,5.85,110.83,9.19,,19.22,8.81,24.0
2016-03-23,30.28,6.783069,3.878,9.66,3.353,8.22,,14.77,15.049070,15.49,,5.8,,5.81,110.95,9.16,,19.22,8.79,24.09
2016-03-24,30.87,6.680012,3.811,9.35,3.3,8.0,,14.74,14.791506,15.38,,5.64,,5.72,111.194,9.09,,19.22,8.54,23.84
2016-03-25,31.4,6.680012,3.825,9.38,3.31,8.05,,14.78,14.791506,15.47,,5.67,,5.74,111.315,9.09,,19.22,8.5,24.0
2016-03-28,30.6,6.680012,3.836,9.31,3.292,7.96,,14.6,14.791506,15.34,,5.65,,5.64,111.357,8.93,,19.22,8.47,24.41
2016-03-29,29.99,6.689381,3.808,9.09,3.252,7.91,,14.47,14.901891,15.3,,5.54,,5.57,111.399,8.94,,19.22,8.37,23.8
2016-03-30,30.53,6.820546,3.86,9.6,3.33,8.14,,14.88,15.251440,15.57,,5.67,,5.72,111.46,9.14,,19.22,8.53,24.3
2016-03-31,30.85,6.783069,3.873,9.53,3.328,8.08,,14.89,14.993876,15.53,,5.69,,5.7,111.43,9.11,,19.22,8.47,24.25
2016-04-01,30.59,6.605062,3.884,9.79,3.339,8.13,,14.97,14.846697,15.61,,5.65,,5.76,111.742,9.24,,19.22,8.55,23.99
2016-04-04,30.59,6.605062,3.884,9.79,3.339,8.13,,14.97,14.846697,15.61,,5.65,,5.76,111.742,9.24,,19.22,8.55,23.99
2016-04-05,30.79,6.558217,3.89,9.96,3.389,8.29,,15.05,14.717916,15.66,,5.7,,5.76,111.578,9.22,,19.22,8.59,24.29
2016-04-06,30.75,6.548847,3.906,9.77,3.37,8.27,,15.1,14.644327,15.55,,5.66,,5.72,111.61,9.05,,19.22,8.55,24.25
2016-04-07,30.1,6.576954,3.923,9.51,3.33,8.16,,15.07,14.589134,15.44,,5.59,,5.64,111.523,8.99,,19.22,8.47,24.16
2016-04-08,30.02,6.633167,3.906,9.54,3.308,8.03,,14.9,14.699518,15.4,,5.47,,5.59,111.52,8.99,,19.22,8.31,24.11
2016-04-11,30.4,6.670643,3.935,9.76,3.351,8.21,,14.91,14.809903,15.61,,5.78,,5.65,111.523,9.01,,19.22,8.44,24.38
2016-04-12,30.46,6.633167,3.983,9.68,3.336,8.32,,14.87,14.717916,15.6,,5.72,,5.65,111.496,9.03,,19.22,8.38,24.3
2016-04-13,30.68,6.820546,3.983,9.81,3.387,8.6,,14.86,15.453811,15.66,,5.87,,5.73,111.308,9.11,,19.22,8.41,24.68
2016-04-14,30.92,6.829915,3.965,9.88,3.387,8.69,,14.84,15.600991,15.67,,5.95,,5.74,111.15,9.11,,19.22,8.44,24.9
2016-04-15,30.96,6.886127,3.941,9.8,3.381,8.64,,14.82,15.637787,15.84,,6.08,,5.73,111.144,9.21,,19.22,8.41,25.18
2016-04-18,30.62,6.839283,3.937,9.66,3.353,8.44,,14.74,15.509004,15.87,,5.84,,5.65,111.214,9.19,,19.22,8.29,24.81
2016-04-19,30.78,6.998554,3.939,9.59,3.352,8.57,,14.67,15.784966,15.87,,5.83,,5.64,111.26,9.2,,19.22,8.33,24.8
2016-04-20,29.88,6.942340,3.883,9.2,3.293,8.32,,14.58,15.600991,15.88,,5.67,,5.54,111.129,9.32,,19.22,8.11,24.18
2016-04-21,29.74,6.998554,3.87,9.05,3.275,8.23,,14.41,15.876953,16.05,,5.57,,5.51,110.653,9.3,,19.22,7.99,24.23
2016-04-22,30.8,6.895496,3.857,9.11,3.29,8.25,,14.36,15.711376,16.13,,5.53,,5.53,110.625,9.4,,19.22,8.0,24.31
2016-04-25,31.2,6.773701,3.819,9.06,3.286,8.1,,14.44,15.435414,16.1,,5.48,,5.51,110.03,9.44,,19.22,7.96,24.11
2016-04-26,31.38,6.801808,3.843,9.14,3.295,8.12,,14.38,15.417018,16.16,,5.53,,5.56,110.199,9.46,,19.22,7.91,24.28
2016-04-27,30.98,6.904865,3.844,9.08,3.281,8.12,,14.32,15.361825,16.15,,5.46,,5.54,110.297,9.39,,19.22,7.89,24.11
2016-04-28,30.78,6.951709,3.764,9.18,3.276,8.03,,14.26,15.361825,16.18,,5.41,,5.53,110.644,9.37,,19.22,8.0,23.85
2016-04-29,32.1,6.848652,3.801,9.22,3.282,8.04,,14.35,15.692978,16.12,,5.4,,5.51,110.689,9.3,,19.22,8.33,24.58
2016-05-02,32.1,6.848652,3.801,9.22,3.282,8.04,,14.35,15.692978,16.12,,5.4,,5.51,110.689,9.3,,19.22,8.33,24.58
2016-05-03,33.84,6.708118,3.896,9.4,3.335,8.15,,14.47,15.453811,16.15,,5.53,,5.61,110.752,9.38,,19.22,8.71,25.25
2016-05-04,32.96,6.708118,3.87,9.57,3.337,8.24,,14.34,15.343428,16.17,,5.52,,5.59,110.73,9.38,,19.22,8.64,25.11
2016-05-05,32.99,6.651906,3.86,9.82,3.338,8.24,,14.38,15.306632,16.17,,5.52,,5.59,110.803,9.36,,19.22,8.66,24.98
2016-05-06,20.35,6.614430,3.812,9.41,3.26,8.01,,14.12,15.141055,16.02,,5.35,,5.45,110.733,9.26,,19.22,8.33,24.45
2016-05-09,20.35,6.614430,3.812,9.14,3.201,7.68,,13.87,15.141055,15.81,,5.03,,5.32,110.821,9.22,,19.22,8.25,23.98
2016-05-10,21.08,6.736225,3.796,9.12,3.19,7.66,,13.92,15.380222,15.67,,5.01,,5.33,110.982,9.26,,19.22,8.66,24.19
2016-05-11,21.96,6.689381,3.758,9.04,3.205,7.68,,14.12,15.527400,15.73,,5.0,,5.36,111.047,9.28,,19.22,9.11,24.06
2016-05-12,21.9,6.605062,3.746,8.99,3.205,7.71,,14.09,15.361825,15.91,,5.01,,5.32,111.242,9.27,,19.22,9.07,24.23
2016-05-13,21.51,6.614430,3.694,8.7,3.194,7.63,,14.01,14.736314,15.94,,5.01,,5.33,111.304,9.19,,19.22,8.98,24.1
2016-05-16,21.8,6.595692,3.714,8.7,3.208,7.76,,14.01,14.460353,15.91,,5.03,,5.35,111.026,9.2,,19.22,9.07,24.1
2016-05-17,21.35,6.726856,3.704,8.66,3.208,7.74,,13.92,14.423558,15.85,,5.01,,5.33,111.044,9.08,,19.22,8.83,23.88
2016-05-18,21.35,6.567585,3.591,8.5,3.186,7.68,,13.8,14.129200,16.06,,4.93,,5.3,110.932,9.13,,19.22,8.88,23.23
2016-05-19,21.35,6.558217,3.488,8.53,3.186,7.6,,13.77,13.926828,16.03,,4.91,,5.27,110.835,9.0,,19.22,8.84,23.39
2016-05-20,21.35,6.614430,3.4,8.6,3.195,7.62,,13.67,13.945225,16.02,,4.95,,5.3,110.98,9.0,,19.22,9.14,23.26
2016-05-23,21.35,6.717488,3.439,8.7,3.205,7.65,,13.86,13.982019,15.94,,4.98,,5.31,110.886,8.87,,19.22,9.1,23.3
2016-05-24,21.35,6.708118,3.444,8.67,3.181,7.58,,13.9,13.908430,15.73,,4.91,,5.28,110.899,8.68,,19.22,8.98,23.28
2016-05-25,21.35,6.923603,3.451,8.53,3.189,7.58,,14.21,14.349969,15.8,,4.91,,5.28,110.953,8.86,,19.22,8.86,23.5
2016-05-26,21.35,6.848652,3.442,8.47,3.19,7.66,,14.22,14.386764,15.79,,4.94,,5.27,110.883,8.9,,19.22,8.89,23.52
2016-05-27,21.35,6.876759,3.448,8.56,3.188,7.71,,14.26,14.644327,15.77,,4.92,,5.28,110.896,8.91,,19.22,8.96,23.61
2016-05-30,21.35,6.904865,3.429,8.59,3.195,7.71,,14.49,14.644327,15.87,,4.92,,5.3,110.853,8.95,,19.22,8.77,23.41
2016-05-31,21.35,6.858021,3.532,8.92,3.303,7.94,,14.68,14.662724,16.2,,5.09,,5.49,110.891,9.09,,19.22,9.15,23.97
2016-06-01,22.86,6.829915,3.548,8.91,3.295,7.89,,14.7,14.625929,16.14,,5.07,,5.44,110.904,8.98,,19.22,9.12,23.9
2016-06-02,22.56,6.839283,3.55,8.88,3.293,7.86,,14.84,14.589134,16.08,,5.05,,5.42,110.8,8.97,,19.22,9.3,24.06
2016-06-03,23.08,6.904865,3.572,8.9,3.325,7.93,,14.75,14.754712,16.16,,5.07,,5.44,110.755,8.99,,19.22,9.37,24.54
2016-06-06,23.73,7.026661,3.61,8.97,3.309,7.85,,14.82,14.699518,15.41,,5.07,,5.43,110.771,9.01,,19.22,9.27,24.45
2016-06-07,23.13,7.092243,3.611,8.97,3.305,7.82,,14.78,15.380222,15.4,,5.04,,5.42,110.794,9.0,,19.22,9.25,24.47
2016-06-08,22.68,7.129718,3.599,8.86,3.3,7.76,,13.95,15.582593,15.4,,5.02,,5.42,110.897,9.0,,19.22,9.18,24.33
2016-06-09,22.68,7.129718,3.599,8.86,3.3,7.76,,13.95,15.582593,15.4,,5.02,,5.42,110.897,9.0,,19.22,9.18,24.33
2016-06-10,22.68,6.783256,3.599,8.86,3.3,7.76,,13.95,14.901891,15.4,,5.02,,5.42,110.897,9.0,,19.22,9.18,24.33
2016-06-13,22.3,6.764040,3.517,8.56,3.2,7.55,,13.64,14.478749,15.3,,4.88,,5.29,110.91,8.95,,19.22,8.9,23.8
2016-06-14,22.58,6.783256,3.494,8.53,3.21,7.57,,13.63,14.294776,15.36,,4.94,,5.34,111.078,9.03,,19.22,8.92,23.85
2016-06-15,22.78,6.735217,3.529,8.67,3.252,7.71,,13.96,14.497148,15.37,,5.0,,5.38,111.092,9.05,,19.22,9.04,23.79
2016-06-16,22.36,6.744824,3.54,8.57,3.236,7.6,,13.79,14.294776,15.38,,4.98,,5.16,111.177,9.02,,19.22,8.88,23.76
2016-06-17,22.43,6.869729,3.551,8.62,3.24,7.63,,13.9,14.441955,15.43,,5.02,,5.17,111.223,9.08,,19.22,8.91,23.7
2016-06-20,22.96,7.090713,3.519,8.62,3.244,7.63,,13.89,14.828301,15.49,,4.99,,5.19,111.123,9.05,,19.22,8.9,23.6
2016-06-21,22.72,7.109929,3.478,9.02,3.226,7.63,,14.0,14.828301,15.44,,4.97,,5.2,111.137,9.08,,19.22,8.82,23.5
2016-06-22,22.96,7.119536,3.474,9.04,3.258,7.84,,14.11,15.159453,15.47,,4.99,,5.23,111.202,9.08,,19.22,8.88,23.5
2016-06-23,22.7,7.061889,3.477,9.1,3.246,7.75,,13.98,15.233043,15.35,,4.95,,5.2,111.256,9.09,,19.22,8.8,23.47
2016-06-24,22.83,6.917768,3.58,9.16,3.22,7.65,,13.76,14.957083,15.25,,4.9,,5.15,111.423,8.84,,19.22,8.63,23.27
2016-06-27,23.64,7.013849,3.558,9.1,3.25,7.69,,13.84,15.177851,15.25,,4.95,,5.2,111.654,8.87,,19.22,8.8,23.5
2016-06-28,23.35,7.033064,3.569,9.09,3.276,7.92,,13.82,15.159453,15.25,,4.96,,5.21,111.63,8.84,,19.22,8.79,23.39
2016-06-29,23.37,7.148361,3.587,9.08,3.289,7.84,,13.8,15.674582,15.31,,5.04,,5.33,111.55,9.14,,19.22,8.83,23.5
2016-06-30,23.72,7.186793,3.6,9.08,3.289,7.81,,14.0,15.950542,15.24,,5.02,,5.32,111.559,8.93,,19.22,8.88,23.5
2016-07-01,24.08,7.186793,3.627,9.07,3.296,7.86,,13.94,15.950542,15.35,,5.04,,5.3,111.85,8.93,,19.22,8.91,23.5
2016-07-04,24.45,7.186793,3.662,9.45,3.356,7.95,,14.33,16.152912,15.47,,5.13,,5.38,111.85,9.02,21.99,19.22,9.15,23.5
2016-07-05,24.1,7.119536,3.66,9.38,3.354,8.03,,14.24,16.028023,15.42,,5.28,,5.46,111.857,8.97,19.79,19.22,9.24,23.5
2016-07-06,24.38,7.004241,3.807,9.42,3.361,8.02,,14.21,15.796571,15.31,,5.23,,5.42,111.992,8.93,19.8,19.22,9.22,23.6
2016-07-07,24.44,7.081105,3.852,9.44,3.365,7.99,,14.25,16.028023,15.29,,5.22,,5.39,112.101,8.96,18.82,19.22,9.57,22.99
2016-07-08,24.15,7.071497,3.788,9.56,3.358,7.98,,14.49,16.182325,15.23,,5.2,,5.36,111.998,8.93,18.75,19.22,9.55,23.0
2016-07-11,24.96,7.148361,3.849,9.53,3.378,7.97,,14.96,16.413776,15.22,,5.22,,5.37,111.962,8.99,18.27,19.22,9.47,23.25
2016-07-12,27.46,7.244441,3.838,9.76,3.447,8.14,,15.28,16.625938,15.38,,5.34,,5.5,111.917,9.13,18.12,19.22,10.35,23.45
2016-07-13,27.35,7.292481,3.885,10.01,3.46,8.17,,15.36,16.568077,15.48,,5.32,,5.57,111.861,9.16,18.32,19.22,10.22,23.53
2016-07-14,27.04,7.350129,3.852,9.9,3.452,8.13,,15.23,16.818817,15.41,,5.3,,5.51,111.891,9.3,17.96,19.22,10.11,23.5
2016-07-15,28.65,7.407777,3.859,9.84,3.466,8.19,,15.39,16.645227,15.53,,5.3,,5.56,112.026,9.25,17.89,19.22,10.36,23.53
2016-07-18,28.46,7.676801,3.734,9.83,3.45,8.13,,15.7,16.741665,15.59,,5.25,,5.51,112.053,9.54,17.43,19.22,10.37,23.45
2016-07-19,27.45,7.590330,3.719,9.6,3.425,8.27,,15.36,16.741665,15.46,,5.24,,5.5,112.129,9.5,17.11,19.22,10.1,23.29
2016-07-20,27.3,7.705626,3.719,9.57,3.421,8.3,,15.49,16.510214,15.48,,5.24,,5.49,112.196,9.29,17.08,19.22,10.2,23.37
2016-07-21,28.07,7.792097,3.707,9.62,3.44,8.44,,15.5,16.625938,15.59,,5.27,,5.53,112.26,9.31,17.02,19.22,10.42,23.47
2016-07-22,27.28,7.811314,3.676,9.57,3.406,8.28,,15.38,16.394487,15.46,,5.27,,5.47,112.24,9.22,17.39,19.22,10.33,23.37
2016-07-25,26.66,7.830529,3.599,9.62,3.41,8.35,,15.72,16.703089,15.46,,5.34,,5.48,112.227,9.19,17.7,19.22,10.26,23.24
2016-07-26,27.54,7.763273,3.62,9.64,3.46,8.44,,15.85,16.336626,15.46,,5.35,,5.56,112.297,9.23,17.78,19.22,10.35,23.34
2016-07-27,26.96,7.917002,3.559,9.41,3.395,8.46,,15.77,16.548788,15.46,,5.22,,5.63,112.318,9.24,17.42,19.22,10.3,22.94
2016-07-28,27.78,7.878570,3.603,9.45,3.409,8.8,,16.53,16.163036,15.46,,5.25,,5.75,112.347,9.13,17.92,19.22,10.72,23.15
2016-07-29,28.2,7.772882,3.593,9.62,3.397,8.76,,16.43,16.008736,15.46,,5.21,,5.7,112.42,9.16,17.14,19.22,10.94,23.26
2016-08-01,27.76,7.926610,3.598,9.35,3.362,8.63,,16.01,16.471638,15.61,,5.26,,5.76,112.649,9.22,17.17,19.22,10.58,22.96
2016-08-02,27.6,7.926610,3.595,9.49,3.367,8.85,,16.14,16.471638,15.49,,5.31,,5.78,112.616,9.2,17.61,19.22,10.55,23.1
2016-08-03,28.01,7.840137,3.613,9.79,3.438,9.24,,16.54,16.105173,15.45,,5.28,,5.88,112.627,9.15,17.88,19.22,10.61,23.13
2016-08-04,27.69,7.868961,3.601,9.78,3.386,9.24,,16.5,16.182325,15.38,,5.28,,5.84,112.571,9.14,19.67,19.22,10.41,23.1
2016-08-05,27.97,7.917002,3.602,9.58,3.414,9.17,,16.4,16.471638,15.51,,5.3,,5.83,112.718,9.3,20.95,19.22,10.46,23.1
2016-08-08,27.69,7.945826,3.57,9.62,3.425,9.23,,16.63,16.876678,15.57,,5.36,,5.91,112.79,9.23,21.87,19.22,10.5,23.09
2016-08-09,27.83,7.974649,3.568,9.89,3.444,9.09,,16.68,16.818817,15.63,,5.38,,6.14,112.974,9.24,21.97,19.22,10.63,23.11
2016-08-10,27.23,8.051515,3.611,9.83,3.429,9.11,,16.42,16.876678,15.71,,5.37,,6.04,113.127,9.24,21.2,19.22,10.46,23.05
2016-08-11,27.24,8.070729,3.585,9.72,3.421,9.06,,16.18,17.397446,15.83,,5.3,,6.0,113.06,9.31,20.71,19.22,10.27,23.08
2016-08-12,27.04,8.109161,3.605,9.86,3.49,8.93,,16.37,17.802485,16.18,,5.37,,6.19,113.036,9.49,22.78,19.22,10.39,23.09
2016-08-15,27.92,8.118770,3.674,10.17,3.593,9.14,,16.89,18.111088,16.42,,5.47,,6.35,112.872,9.71,25.06,19.22,10.64,23.28
2016-08-16,28.35,8.070729,3.68,10.27,3.59,9.17,,16.58,17.956787,16.15,,5.54,,6.43,113.023,9.41,27.57,19.22,10.53,23.23
2016-08-17,28.43,8.128378,3.677,10.4,3.571,9.05,,17.39,17.879637,16.06,,5.5,,6.58,113.045,9.41,25.85,19.22,10.56,23.15
2016-08-18,28.07,8.080338,3.683,10.43,3.565,8.93,,17.15,18.053223,16.02,,5.52,,6.46,112.979,9.36,25.58,19.22,10.45,23.08
2016-08-19,27.86,8.032298,3.674,10.22,3.566,9.02,,16.98,18.226812,16.04,,5.58,,6.46,112.846,9.34,24.59,19.22,10.3,23.12
2016-08-22,27.42,7.984258,3.64,10.23,3.543,8.82,,17.09,18.573990,15.99,,5.49,,6.38,112.95,9.28,24.7,19.22,10.26,23.1
2016-08-23,27.63,7.984258,3.639,10.49,3.538,8.86,,16.9,18.419689,16.09,,5.48,,6.43,112.888,9.3,24.7,19.22,10.26,23.1
2016-08-24,27.3,7.945826,3.633,10.18,3.543,8.88,,16.86,18.168951,16.06,,5.4,,6.39,112.676,9.27,23.99,19.22,10.25,23.0
2016-08-25,27.5,7.878570,3.604,10.26,3.516,8.88,,16.81,18.072512,15.97,,5.32,,6.25,112.681,9.3,23.54,19.22,10.21,22.89
2016-08-26,27.22,7.955433,3.625,10.13,3.534,8.86,,17.01,18.149662,15.93,,5.34,,6.28,112.808,9.3,22.89,19.22,10.23,22.89
2016-08-29,27.05,7.868961,3.609,10.23,3.515,8.9,,16.89,17.763910,15.94,,5.35,,6.33,112.85,9.24,22.91,19.22,10.19,22.75
2016-08-30,26.87,8.022690,3.606,10.11,3.518,8.87,,16.64,17.995361,16.06,,5.32,,6.38,112.789,9.35,22.66,19.22,10.31,22.38
2016-08-31,27.4,8.013082,3.605,10.13,3.53,8.86,,16.47,18.207525,16.07,,5.29,,6.4,112.797,9.31,24.93,19.22,10.48,22.11
2016-09-01,27.47,7.993865,3.605,10.13,3.506,8.75,,16.34,18.709003,16.04,,5.23,,6.34,112.661,9.28,23.44,19.22,10.35,22.08
2016-09-02,27.12,8.109161,3.596,10.13,3.524,8.6,,16.29,18.979031,16.05,,5.27,,6.38,112.651,9.31,23.77,19.49,10.72,22.1
2016-09-05,27.43,8.176418,3.587,10.13,3.526,8.86,,16.37,19.268345,16.04,,5.31,,6.38,112.673,9.35,23.44,21.44,10.6,22.2
2016-09-06,27.31,8.195633,3.581,10.13,3.551,9.08,,16.71,19.432289,15.93,,5.45,,6.41,112.521,9.32,23.32,23.0,10.68,22.3
2016-09-07,27.23,8.282106,3.61,10.13,3.551,9.16,,16.79,19.210482,15.99,,5.59,,6.56,112.556,9.33,23.27,22.86,10.52,22.42
2016-09-08,27.21,8.301323,3.61,11.14,3.548,9.1,,16.81,19.133331,16.01,,5.56,,6.51,112.6,9.32,23.62,22.48,10.46,22.4
2016-09-09,27.02,8.397402,3.609,11.34,3.529,9.11,,16.56,19.114044,15.97,,5.55,,6.45,112.766,9.3,23.17,22.26,10.27,22.43
2016-09-12,26.29,8.156819,3.56,11.2,3.471,8.81,,16.21,18.458263,15.77,,5.53,,6.29,112.632,9.3,23.5,22.07,10.22,21.99
2016-09-13,26.34,8.205605,3.57,11.6,3.461,8.86,,16.19,18.381113,15.8,,5.5,,6.23,112.685,9.31,23.58,21.98,10.19,21.9
2016-09-14,25.4,8.283660,3.562,11.51,3.445,8.86,,16.03,18.265388,15.73,,5.51,,6.18,112.784,9.31,23.58,21.43,10.05,21.87
2016-09-15,25.4,8.381230,3.562,11.51,3.445,8.86,,16.03,18.284676,15.73,,5.51,,6.18,112.784,9.31,23.58,21.43,10.05,21.87
2016-09-16,25.4,8.381230,3.562,11.51,3.445,8.86,,16.03,18.284676,15.73,,5.51,,6.18,112.784,9.31,23.58,21.43,10.05,21.87
2016-09-19,26.0,8.488556,3.541,11.64,3.469,8.9,,16.26,18.612564,15.86,,5.63,,6.23,112.811,9.33,23.63,22.09,10.64,21.87
2016-09-20,25.91,8.488556,3.528,11.37,3.461,8.85,,16.19,18.631853,15.9,,5.64,,6.21,112.872,9.32,23.62,22.02,10.51,21.74
2016-09-21,25.97,8.615396,3.521,11.38,3.47,8.99,,16.21,18.670429,15.86,,5.6,,6.24,112.854,9.33,24.62,22.0,10.36,21.88
2016-09-22,26.15,8.625154,3.512,11.81,3.501,9.02,,16.45,19.094755,16.0,,5.6,,6.31,112.85,9.37,27.0,21.75,10.49,21.88
2016-09-23,26.26,8.664182,3.496,11.84,3.485,9.06,,16.35,18.998320,15.98,,5.6,,6.29,112.873,9.38,25.48,21.44,10.43,21.88
2016-09-26,26.02,8.673939,3.48,11.38,3.428,8.93,,16.17,18.805443,15.91,,5.45,,6.13,112.903,9.31,24.68,21.51,10.1,21.78
2016-09-27,26.16,8.693453,3.465,11.73,3.45,9.04,,16.46,19.094755,16.01,,5.45,,6.15,112.921,9.31,25.14,22.03,10.19,21.77
2016-09-28,26.19,8.712967,3.5,11.72,3.439,8.93,,16.52,18.901880,15.98,,5.41,,6.09,112.989,9.2,25.8,21.9,10.1,21.9
2016-09-29,26.5,8.742237,3.532,11.79,3.451,8.95,,16.81,19.133331,16.0,,5.43,,6.14,113.094,9.23,25.99,21.84,10.1,22.17
2016-09-30,27.01,8.722723,3.532,11.72,3.465,9.21,,16.89,18.844019,15.97,,5.47,,6.17,113.157,9.26,26.17,22.22,10.14,22.08
2016-10-03,27.01,8.722723,3.532,11.72,3.465,9.21,,16.89,19.036894,15.97,,5.47,,6.17,113.157,9.26,26.17,22.22,10.14,22.08
2016-10-04,27.01,8.781265,3.532,11.72,3.465,9.21,,16.89,19.133331,15.97,,5.47,,6.17,113.157,9.26,26.17,22.22,10.14,22.08
2016-10-05,27.01,8.771508,3.532,11.72,3.465,9.21,,16.89,19.094755,15.97,,5.47,,6.17,113.157,9.26,26.17,22.22,10.14,22.08
2016-10-06,27.01,8.800779,3.532,11.72,3.465,9.21,,16.89,19.249056,15.97,,5.47,,6.17,113.157,9.26,26.17,22.22,10.14,22.08
2016-10-07,27.01,8.742237,3.532,11.72,3.465,9.21,,16.89,19.249056,15.97,,5.47,,6.17,113.157,9.26,26.17,22.22,10.14,22.08
2016-10-10,26.95,8.742237,3.537,10.9,3.502,9.31,,18.39,19.249056,16.03,,5.52,,6.16,113.175,9.33,25.97,22.11,10.35,22.29
2016-10-11,27.0,8.644668,3.53,10.81,3.518,9.33,,18.34,18.940454,16.04,,5.59,,6.17,113.197,9.31,26.23,22.11,10.32,22.2
2016-10-12,26.81,8.595883,3.52,10.75,3.519,9.18,,18.14,18.535414,15.99,,5.55,,6.17,113.198,9.27,26.6,22.2,10.2,22.19
2016-10-13,26.3,8.420258,3.528,10.7,3.512,9.16,,17.88,18.303963,16.01,,5.7,,6.37,113.227,9.19,26.81,22.07,10.16,21.86
2016-10-14,26.37,8.478799,3.529,10.68,3.517,9.3,,17.69,18.381113,16.09,,5.67,,6.51,113.317,9.24,26.84,21.94,10.15,21.94
2016-10-17,26.27,8.517827,3.411,10.77,3.487,9.16,,17.66,18.226812,15.98,,5.56,,6.53,113.415,9.24,26.0,21.74,10.12,21.36
2016-10-18,26.35,8.664182,3.436,10.86,3.534,9.27,,17.92,18.535414,16.07,,5.68,,6.71,113.43,9.27,26.0,21.88,10.21,21.61
2016-10-19,26.14,8.703210,3.428,10.74,3.523,9.25,,17.79,18.284676,16.06,,5.67,,6.83,113.474,9.28,25.83,21.78,10.15,21.66
2016-10-20,26.25,8.820293,3.453,10.76,3.529,9.11,,17.68,18.554703,16.12,,5.66,,6.98,113.607,9.29,25.94,21.82,10.13,21.57
2016-10-21,26.38,8.820293,3.434,10.73,3.541,9.14,,17.75,18.554703,16.24,,5.87,,7.38,113.762,9.29,25.25,22.44,10.21,21.59
2016-10-24,26.66,8.908106,3.423,10.77,3.581,9.33,,18.07,18.709003,16.33,,5.92,,7.52,113.757,9.37,25.24,22.55,10.29,21.69
2016-10-25,26.8,8.849564,3.411,10.8,3.581,9.89,,18.11,18.670429,16.26,,5.85,,7.72,113.648,9.36,25.01,23.03,10.28,21.77
2016-10-26,26.67,8.771508,3.41,10.59,3.567,9.87,,17.73,18.477552,16.19,,5.85,,7.51,113.494,9.28,25.17,22.63,10.15,21.79
2016-10-27,26.68,8.722723,3.391,10.46,3.562,9.89,,17.63,18.246101,16.2,,5.9,,7.33,113.333,9.27,24.77,22.42,10.18,21.63
2016-10-28,26.76,8.625154,3.394,10.54,3.551,9.53,,17.48,17.976072,16.27,,5.99,,7.23,113.524,9.31,24.75,22.4,10.2,21.42
2016-10-31,27.15,8.634912,3.41,10.62,3.55,9.55,,17.74,18.246101,16.31,,5.88,,7.18,113.463,9.2,24.92,22.4,9.98,21.36
2016-11-01,27.77,8.751995,3.432,10.81,3.571,9.7,,18.05,18.419689,16.46,,5.9,,7.23,113.501,9.21,25.79,22.4,10.03,21.38
2016-11-02,27.48,8.664182,3.51,10.7,3.546,9.84,,17.7,17.995361,16.4,,5.88,,7.02,113.411,9.16,24.9,22.4,9.95,21.19
2016-11-03,27.4,8.605639,3.499,10.74,3.581,10.09,,17.78,17.937498,16.48,,5.88,,7.72,113.479,9.19,24.87,22.4,10.01,21.16
2016-11-04,26.99,8.644668,3.479,10.74,3.567,10.15,,17.56,17.937498,16.36,,5.95,,8.04,113.611,9.16,24.59,22.4,9.96,21.24
2016-11-07,26.95,8.683696,3.49,10.9,3.57,10.1,,17.69,17.976072,16.28,,5.9,,8.24,113.494,9.16,24.16,22.4,9.98,21.04
2016-11-08,27.4,8.771508,3.476,11.13,3.589,10.17,,17.72,18.053223,16.39,,6.09,,7.86,113.487,9.17,24.22,22.4,10.03,21.05
2016-11-09,27.18,8.547098,3.547,10.85,3.571,10.02,,17.39,17.571033,16.19,,6.1,,8.01,113.515,9.11,26.3,22.4,9.91,20.6
2016-11-10,27.57,8.654425,3.516,11.05,3.607,10.48,,17.8,17.918211,16.36,,6.29,,8.02,113.452,9.16,26.56,22.4,9.96,20.74
2016-11-11,27.43,8.527584,3.5,11.14,3.633,10.44,,17.68,17.667471,16.29,,6.52,,8.07,113.469,9.2,25.99,22.4,9.98,20.64
2016-11-14,27.1,8.439772,3.463,11.17,3.647,10.5,,17.78,17.493883,16.29,,6.89,,8.08,113.181,9.22,25.7,22.4,9.95,20.75
2016-11-15,27.0,8.547098,3.463,11.21,3.646,10.25,,17.99,17.493883,16.27,,6.75,,7.93,112.91,9.21,26.94,22.4,9.99,20.8
2016-11-16,26.94,8.605639,3.461,11.12,3.644,10.09,25.59,18.01,17.474596,16.29,,6.72,,7.81,112.923,9.19,26.68,22.4,9.98,20.89
2016-11-17,27.0,8.547098,3.466,11.16,3.652,10.17,28.15,18.41,17.416731,16.26,,6.85,,8.08,112.728,9.2,27.0,22.84,9.98,20.73
2016-11-18,27.13,8.459286,3.446,11.02,3.636,9.97,30.24,18.11,17.513170,16.23,,6.72,,8.2,112.501,9.2,27.72,22.52,9.91,21.26
2016-11-21,27.58,8.371473,3.458,11.17,3.661,10.05,28.49,17.98,17.841061,16.34,,6.69,,8.5,112.574,9.28,27.4,22.8,9.93,21.25
2016-11-22,27.44,8.547098,3.48,11.16,3.686,10.24,28.43,17.88,18.033937,16.42,,6.74,,9.05,112.693,9.31,27.3,23.23,10.0,21.2
2016-11-23,28.05,8.537341,3.487,11.08,3.702,10.07,28.28,17.93,18.033937,16.67,,6.62,,9.18,112.761,9.37,27.22,25.55,10.21,21.27
2016-11-24,28.98,8.517827,3.457,11.03,3.71,9.96,27.28,18.26,18.265388,16.64,,6.55,,9.06,112.554,9.35,26.93,26.38,10.39,21.27
2016-11-25,29.0,8.488556,3.43,11.15,3.755,10.04,27.39,18.41,18.496840,16.9,,6.61,,9.39,112.297,9.41,27.2,27.23,10.29,21.45
2016-11-28,30.12,8.576369,3.46,11.2,3.758,10.22,27.31,18.75,18.612564,16.84,,6.76,,10.33,112.318,9.4,26.38,28.47,10.67,21.61
2016-11-29,31.47,8.469043,3.461,11.21,3.792,10.17,26.53,19.4,18.535414,16.97,,6.78,,11.15,111.705,9.47,26.16,28.47,10.79,21.57
2016-11-30,30.28,8.547098,3.464,10.94,3.765,10.2,26.2,18.89,18.477552,16.84,,6.5,,11.01,111.694,9.5,26.98,28.47,10.7,21.43
2016-12-01,30.85,8.508071,3.456,10.92,3.805,11.07,26.3,19.52,18.709003,16.9,,6.46,,10.71,111.677,9.43,26.97,30.59,10.89,21.43
2016-12-02,29.87,8.508071,3.429,10.95,3.759,11.14,25.74,18.68,18.535414,16.87,,6.4,,10.38,111.704,9.43,26.45,28.76,10.68,21.18
2016-12-05,28.62,8.410501,3.416,10.75,3.69,11.03,25.8,18.02,18.554703,16.91,,6.23,,9.43,111.664,9.43,25.5,25.88,10.33,21.11
2016-12-06,28.87,8.410501,3.412,10.71,3.681,11.12,25.87,18.29,18.612564,16.9,9.23,6.26,,9.44,111.541,9.42,25.38,26.33,10.34,21.09
2016-12-07,28.89,8.547098,3.42,10.77,3.71,11.1,25.99,18.33,18.728291,16.84,10.15,6.42,,9.49,111.498,9.35,25.14,26.19,10.34,21.16
2016-12-08,29.11,8.761751,3.438,10.6,3.701,10.84,26.25,18.6,19.094755,16.93,11.17,6.66,,9.3,111.584,9.66,24.74,26.24,10.25,21.3
2016-12-09,30.18,8.781265,3.436,10.5,3.719,10.76,26.2,18.61,18.940454,17.2,12.29,6.62,,10.11,111.533,9.72,24.81,26.99,10.28,21.1
2016-12-12,29.29,8.595883,3.409,10.15,3.629,10.06,24.98,18.01,18.786154,17.3,13.52,6.38,,9.61,110.737,9.74,23.26,25.34,10.12,20.71
2016-12-13,28.8,8.556855,3.418,10.21,3.629,10.15,24.55,17.84,18.901880,17.06,14.87,6.44,,9.31,110.398,9.67,23.06,25.54,10.07,20.85
2016-12-14,28.4,8.410501,3.439,10.27,3.6,10.21,24.53,17.88,18.670429,17.17,14.0,6.47,,8.81,110.03,9.85,22.29,25.3,9.98,20.77
2016-12-15,27.83,8.176333,3.433,10.27,3.561,10.08,24.44,17.45,17.937498,16.61,14.98,6.49,,8.9,108.185,9.51,22.33,24.75,9.92,20.73
2016-12-16,29.2,8.098278,3.442,10.3,3.565,10.08,24.31,17.64,17.956787,16.5,14.71,6.38,,8.85,108.644,9.33,22.46,24.99,10.0,20.8
2016-12-19,28.85,8.049493,3.431,10.2,3.557,10.08,23.8,17.92,17.744621,16.42,14.21,6.23,,8.61,109.283,9.26,21.1,24.16,9.92,20.7
2016-12-20,28.23,8.029979,3.431,10.41,3.526,9.9,23.8,17.99,17.590321,16.21,14.43,6.22,,8.75,109.182,9.25,20.33,24.0,9.93,20.58
2016-12-21,28.38,8.020223,3.428,10.81,3.556,10.18,24.23,18.55,17.474596,16.25,14.53,6.3,,8.88,109.884,9.24,20.48,24.2,9.97,20.65
2016-12-22,28.38,7.942167,3.42,10.71,3.554,10.28,24.01,18.61,17.281719,16.14,14.13,6.25,,8.78,110.149,9.18,20.61,24.66,9.95,20.75
2016-12-23,28.13,7.834840,3.419,10.56,3.517,10.13,23.54,18.16,17.108130,16.05,13.03,6.12,,8.92,109.877,9.16,20.3,24.09,9.9,20.7
2016-12-26,28.31,7.834840,3.419,10.73,3.539,9.99,23.6,18.11,17.108130,16.09,13.12,6.21,,9.24,109.879,9.14,20.65,24.62,9.86,20.7
2016-12-27,28.3,7.834840,3.422,10.64,3.535,10.1,23.38,18.42,17.108130,16.04,12.7,6.18,,9.24,109.996,9.09,21.42,24.97,9.87,20.7
2016-12-28,28.07,8.049493,3.419,10.38,3.515,10.11,23.19,18.33,17.358870,16.01,12.56,6.08,,8.94,110.24,9.05,21.2,24.94,9.88,20.7
2016-12-29,28.02,8.098278,3.421,10.25,3.53,10.12,23.24,18.51,17.301006,15.98,12.55,6.08,,9.16,110.681,9.06,20.84,24.83,9.79,20.76
2016-12-30,28.17,8.088521,3.435,10.29,3.522,9.96,23.28,18.63,17.532459,16.14,12.55,6.1,,8.86,110.719,9.08,20.55,24.62,9.88,20.75
2017-01-02,28.17,8.088521,3.435,10.29,3.522,9.96,23.28,18.63,17.532459,16.14,12.55,6.1,,8.86,110.719,9.08,20.55,24.62,9.88,20.75
2017-01-03,29.12,8.205605,3.444,10.41,3.559,9.97,23.59,18.67,17.667471,16.24,12.63,6.24,,8.87,110.716,9.11,20.73,25.06,9.94,20.85
2017-01-04,29.83,8.156819,3.454,10.5,3.582,10.3,23.72,18.66,17.628897,16.32,12.52,6.3,,8.97,110.589,9.11,20.85,25.14,10.04,21.02
2017-01-05,29.69,8.303174,3.476,10.41,3.59,10.33,23.5,18.42,18.072512,16.33,12.16,6.59,,8.93,110.615,9.08,20.93,25.26,10.04,20.99
2017-01-06,29.39,8.244633,3.484,10.63,3.57,10.29,23.16,18.34,17.956787,16.17,11.63,6.52,,8.88,110.613,9.01,20.64,25.0,10.02,20.95
2017-01-09,29.25,8.234875,3.493,10.65,3.583,10.41,23.24,18.35,18.072512,16.24,11.59,6.74,,8.95,110.662,9.02,20.66,24.74,10.01,20.78
2017-01-10,29.18,8.205605,3.488,10.52,3.583,10.57,22.98,18.37,18.091799,16.22,11.34,6.65,,8.88,110.705,9.03,20.58,24.93,10.02,20.65
2017-01-11,28.6,8.293417,3.482,10.5,3.56,10.51,22.54,18.12,18.246101,16.15,10.85,6.48,,8.74,110.66,8.99,20.4,24.68,10.01,20.32
2017-01-12,28.2,8.361715,3.465,10.33,3.54,10.29,22.29,18.02,18.458263,16.12,10.96,6.43,,8.6,110.726,9.0,20.4,24.31,9.95,20.22
2017-01-13,28.22,8.381230,3.474,10.2,3.533,10.48,22.04,18.03,18.516129,16.26,10.84,6.5,,8.54,110.754,9.08,21.81,24.16,9.92,19.73
2017-01-16,28.25,8.322688,3.49,10.1,3.537,10.34,22.42,18.24,18.265388,16.55,10.36,6.5,,8.65,110.384,9.2,21.0,23.79,10.08,19.53
2017-01-17,28.91,8.273903,3.502,10.21,3.538,10.22,22.45,18.29,18.246101,16.42,10.45,6.67,,8.6,110.429,9.15,20.8,24.17,10.03,19.79
2017-01-18,29.14,8.371473,3.501,10.34,3.55,10.46,22.29,18.29,18.477552,16.65,10.23,6.66,,8.74,110.54,9.18,20.92,24.96,10.03,19.54
2017-01-19,28.77,8.283660,3.501,10.35,3.55,10.75,22.55,18.13,18.419689,16.64,10.4,6.59,,8.67,110.725,9.18,20.6,24.88,9.92,19.72
2017-01-20,29.22,8.156819,3.53,10.66,3.568,10.75,22.94,18.43,18.246101,16.78,10.73,6.64,,8.72,110.881,9.22,20.68,25.37,9.95,19.74
2017-01-23,28.96,8.147063,3.531,10.64,3.585,10.95,23.03,18.61,18.323252,16.73,10.63,6.75,,8.83,111.149,9.22,20.74,25.28,10.0,19.73
2017-01-24,29.1,8.254390,3.548,10.6,3.586,11.09,22.95,18.64,18.535414,16.92,10.45,6.8,6.29,8.8,110.882,9.27,20.69,25.32,10.04,19.6
2017-01-25,29.4,8.234875,3.539,10.77,3.592,11.15,23.02,18.75,18.689714,16.93,10.46,6.77,6.92,8.98,110.703,9.22,20.61,25.5,10.06,19.5
2017-01-26,29.9,8.371473,3.516,10.85,3.61,11.11,23.28,18.8,18.959743,17.07,10.43,6.88,7.61,8.94,110.876,9.25,20.68,25.78,10.11,19.62
2017-01-27,29.9,8.371473,3.516,10.85,3.61,11.11,23.28,18.8,18.901880,17.07,10.43,6.88,7.61,8.94,110.876,9.25,20.68,25.78,10.11,19.62
2017-01-30,29.9,8.371473,3.516,10.85,3.61,11.11,23.28,18.8,18.901880,17.07,10.43,6.88,7.61,8.94,110.876,9.25,20.68,25.78,10.11,19.62
2017-01-31,29.9,8.371473,3.516,10.85,3.61,11.11,23.28,18.8,18.901880,17.07,10.43,6.88,7.61,8.94,110.876,9.25,20.68,25.78,10.11,19.62
2017-02-01,29.9,8.215362,3.516,10.85,3.61,11.11,23.28,18.8,18.901880,17.07,10.43,6.88,7.61,8.94,110.876,9.25,20.68,25.78,10.11,19.62
2017-02-02,29.9,8.195848,3.516,10.85,3.61,11.11,23.28,18.8,18.747580,17.07,10.43,6.88,7.61,8.94,110.876,9.25,20.68,25.78,10.11,19.62
2017-02-03,29.9,8.176333,3.536,10.86,3.587,11.11,22.93,18.53,18.535414,16.73,10.39,6.88,8.37,8.84,110.827,9.17,20.68,25.39,10.15,19.13
2017-02-06,29.99,8.195848,3.54,10.84,3.595,11.17,23.04,18.51,18.651140,16.72,10.52,6.96,9.21,8.87,110.715,9.16,20.71,25.26,10.08,18.88
2017-02-07,29.65,8.215362,3.547,10.79,3.578,11.57,22.8,18.82,18.458263,16.66,10.33,7.17,10.13,8.8,110.695,9.14,20.64,25.13,10.03,18.6
2017-02-08,29.88,8.390987,3.546,10.94,3.597,11.64,23.01,18.75,18.786154,16.67,11.11,7.14,10.46,8.84,110.674,9.12,20.69,25.35,10.03,18.6
2017-02-09,30.02,8.586126,3.563,11.14,3.615,11.6,23.12,18.78,19.229771,16.69,11.02,7.24,10.05,8.87,110.599,9.12,20.8,25.62,10.04,18.72
2017-02-10,30.12,8.576369,3.537,11.17,3.637,11.76,23.45,19.15,19.528728,16.76,11.29,7.36,11.06,9.18,110.299,9.11,20.66,25.97,10.05,18.8
2017-02-13,30.91,8.751995,3.556,11.2,3.657,11.89,24.12,19.06,20.010920,16.87,11.32,7.39,12.17,9.21,110.372,9.14,20.77,27.1,10.16,19.43
2017-02-14,30.69,8.712967,3.547,11.22,3.653,11.72,23.88,18.82,19.962700,16.74,11.49,7.47,13.39,9.2,110.386,9.1,20.91,26.9,10.18,19.5
2017-02-15,31.06,8.927619,3.557,10.96,3.64,11.56,24.12,18.72,20.541328,16.8,11.42,7.24,14.73,9.04,110.6,9.15,20.67,26.99,10.07,19.77
2017-02-16,32.03,8.976404,3.559,11.02,3.66,11.67,24.19,18.94,20.348454,16.78,12.43,7.3,16.2,9.07,110.829,9.12,20.68,27.59,10.13,19.78
2017-02-17,32.25,8.771508,3.547,10.9,3.649,11.3,23.71,18.7,20.155577,16.69,12.39,7.29,17.82,8.89,110.781,9.03,20.54,27.41,10.23,19.63
2017-02-20,32.58,8.839808,3.546,11.38,3.701,11.45,24.92,19.03,20.493111,16.91,12.25,7.3,18.93,9.07,110.716,9.14,20.61,28.55,10.63,20.15
2017-02-21,32.45,8.820293,3.572,11.39,3.708,11.48,24.56,18.87,20.589548,16.92,12.0,7.32,19.55,9.06,110.768,9.13,20.98,28.24,10.65,20.2
2017-02-22,33.05,8.771508,3.573,11.76,3.716,11.62,24.28,19.13,20.734205,16.88,11.79,7.44,18.39,9.05,110.9,9.09,20.9,28.32,10.66,20.3
2017-02-23,33.1,8.683696,3.573,11.86,3.693,11.43,24.27,19.37,20.637766,16.88,11.8,7.49,18.45,8.96,111.071,9.08,20.79,27.91,10.47,19.92
2017-02-24,32.37,8.615396,3.591,11.73,3.697,11.21,24.29,19.32,20.203796,16.9,11.76,7.41,17.31,9.03,110.924,9.07,20.72,27.85,10.52,19.96
2017-02-27,31.61,8.566612,3.605,11.52,3.675,11.19,23.95,19.64,20.010920,16.81,11.61,7.27,16.81,8.83,111.012,9.04,20.52,27.13,10.63,19.82
2017-02-28,31.86,8.644668,3.61,11.62,3.68,11.27,24.48,19.54,19.914480,16.75,11.92,7.3,17.59,8.85,111.131,9.03,20.53,27.44,10.91,19.9
2017-03-01,32.03,8.566612,3.621,11.53,3.677,11.49,24.23,19.39,20.010920,16.66,11.89,7.32,19.35,8.85,111.159,9.04,20.5,27.46,10.81,19.89
2017-03-02,31.49,8.517827,3.622,11.61,3.665,11.37,24.35,19.32,20.107357,16.5,12.57,7.27,21.27,8.68,110.964,8.97,20.34,27.31,10.85,19.85
2017-03-03,31.72,8.322688,3.582,11.65,3.652,11.5,24.04,19.6,20.010920,16.48,12.31,7.11,23.0,8.68,111.02,8.97,20.2,27.3,10.86,19.78
2017-03-06,32.89,8.381230,3.596,11.75,3.675,11.63,24.12,19.73,19.962700,16.53,12.43,7.29,22.5,8.63,110.921,8.96,20.22,28.15,11.06,19.97
2017-03-07,33.01,8.469043,3.6,12.1,3.675,11.62,24.15,19.54,20.155577,16.59,12.45,7.38,22.33,8.61,110.943,8.97,20.26,28.23,11.12,19.95
2017-03-08,33.28,8.420258,3.582,12.08,3.673,11.55,23.97,19.76,20.396671,16.53,12.25,7.4,24.55,8.86,110.951,8.92,20.72,28.09,11.01,19.74
2017-03-09,32.92,8.254390,3.534,11.82,3.648,11.16,23.66,19.72,19.962700,16.39,12.16,7.37,24.78,8.71,110.88,8.87,20.51,28.4,10.77,19.5
2017-03-10,34.22,8.234875,3.534,11.77,3.647,11.12,23.64,20.12,20.010920,16.41,11.79,7.5,25.14,8.62,110.6,8.84,20.6,28.96,11.03,19.45
2017-03-13,33.9,8.332445,3.556,11.84,3.681,11.29,23.6,20.62,20.252014,16.55,11.7,7.66,24.88,8.67,110.457,8.86,20.71,28.87,11.29,19.65
2017-03-14,34.02,8.420258,3.548,11.79,3.675,11.42,23.84,20.67,20.396671,16.52,11.61,7.67,25.0,8.72,110.659,8.84,21.57,28.71,11.27,19.71
2017-03-15,34.42,8.390987,3.553,12.17,3.688,11.46,23.85,20.83,20.493111,16.51,11.66,7.6,26.83,8.76,110.554,8.86,21.29,29.3,11.44,19.56
2017-03-16,33.98,8.644668,3.586,12.07,3.71,11.51,24.32,21.25,20.975300,16.58,12.83,7.48,29.45,8.76,110.882,8.88,21.27,29.23,11.36,19.61
2017-03-17,33.41,8.576369,3.591,11.88,3.665,11.33,24.05,20.55,20.734205,16.37,12.3,7.48,29.45,8.77,110.903,8.81,21.54,28.81,11.23,19.76
2017-03-20,33.48,8.586126,3.592,12.0,3.668,11.59,24.29,20.67,20.637766,16.24,12.18,7.42,29.45,8.89,110.939,8.71,21.13,29.26,11.24,19.7
2017-03-21,34.31,8.566612,3.598,12.29,3.686,11.68,24.15,21.44,20.734205,16.18,12.38,7.45,29.45,8.93,110.78,8.67,21.18,30.34,11.38,20.1
2017-03-22,34.36,8.478799,3.596,12.46,3.678,11.54,23.73,21.95,20.203796,16.09,12.18,7.51,29.45,8.96,110.772,8.55,21.07,30.5,11.25,20.22
2017-03-23,34.75,8.488556,3.586,12.84,3.686,11.3,23.77,21.84,20.300232,16.17,12.35,7.48,29.45,8.88,110.82,8.59,21.45,31.2,11.46,19.98
2017-03-24,34.92,8.371473,3.556,12.81,3.71,11.28,23.87,22.66,20.348454,16.18,12.44,7.61,29.45,9.55,111.033,8.6,21.49,31.54,11.89,20.24
2017-03-27,34.15,8.195848,3.575,12.5,3.705,11.26,24.14,22.48,19.962700,16.2,12.6,7.53,29.45,9.37,111.089,8.61,21.2,30.71,11.64,20.07
2017-03-28,33.95,8.273903,3.585,12.51,3.7,11.32,23.93,22.93,20.203796,16.12,12.47,7.45,29.45,9.49,110.919,8.55,21.27,30.8,11.66,20.17
2017-03-29,33.8,8.273903,3.562,12.42,3.697,11.2,23.6,22.81,20.348454,16.06,11.62,7.49,29.45,9.43,110.931,8.52,21.01,31.2,12.0,20.05
2017-03-30,33.13,8.176333,3.54,12.32,3.662,11.3,23.08,22.29,20.059137,16.11,11.31,7.31,29.45,9.19,110.626,8.46,20.53,30.72,11.95,20.02
2017-03-31,33.3,8.098278,3.523,12.39,3.681,11.25,23.98,22.61,19.818043,16.21,11.48,7.2,29.45,9.2,110.823,8.48,20.58,31.7,12.18,20.13
2017-04-03,33.3,8.108035,3.523,12.39,3.681,11.25,23.98,22.61,19.866262,16.21,11.48,7.2,29.45,9.2,110.823,8.48,20.58,31.7,12.18,20.13
2017-04-04,33.3,8.108035,3.523,12.39,3.681,11.25,23.98,22.61,19.866262,16.21,11.48,7.2,29.45,9.2,110.823,8.48,20.58,31.7,12.18,20.13
2017-04-05,33.19,8.039736,3.559,13.63,3.732,11.58,23.84,22.64,20.107357,16.34,11.61,7.35,29.95,9.49,110.81,8.51,20.58,31.46,12.09,20.4
2017-04-06,33.89,7.981195,3.553,14.99,3.742,11.56,23.8,22.44,19.866262,16.32,11.71,7.33,28.6,10.05,110.898,8.49,20.79,32.0,12.15,20.67
2017-04-07,33.65,7.961680,3.581,15.64,3.745,11.56,23.83,22.11,19.673386,16.34,11.51,7.25,25.74,9.93,110.941,8.5,20.8,31.81,12.0,20.64
2017-04-10,32.9,7.922653,3.565,17.1,3.734,11.6,23.59,22.07,19.866262,16.26,11.11,7.26,23.17,10.04,110.988,8.43,20.6,31.52,11.87,20.48
2017-04-11,32.4,7.893382,3.549,17.7,3.748,11.59,23.74,21.68,19.625166,16.18,11.36,7.34,21.3,10.43,110.925,8.41,20.7,30.83,11.75,20.72
2017-04-12,32.4,7.951923,3.563,15.93,3.736,11.66,23.47,21.79,19.769823,16.0,11.35,7.09,21.06,10.24,110.899,8.37,21.02,30.81,11.81,20.78
2017-04-13,32.96,7.932410,3.579,16.0,3.745,11.57,23.36,22.09,19.866262,15.92,11.27,7.07,20.33,9.98,110.916,8.33,20.94,31.25,11.78,21.11
2017-04-14,32.64,7.932410,3.584,16.19,3.726,11.68,23.09,21.87,19.866262,15.81,11.04,6.91,19.45,9.91,110.94,8.2,20.64,30.68,11.56,20.97
2017-04-17,33.18,7.932410,3.579,15.86,3.714,11.86,22.78,22.04,19.866262,15.84,10.71,6.81,17.51,9.94,110.697,8.23,20.56,31.75,11.67,21.03
2017-04-18,34.08,7.708000,3.582,16.2,3.698,11.68,22.57,22.57,19.528728,15.56,10.47,6.81,16.26,10.0,110.6,8.06,20.47,32.23,11.92,21.19
2017-04-19,34.23,7.590916,3.582,16.7,3.673,11.39,22.72,22.75,19.432289,15.29,10.58,6.77,17.89,9.98,110.456,7.94,20.53,33.21,11.93,20.84
2017-04-20,34.5,7.620187,3.599,15.55,3.694,11.55,22.46,23.25,19.528728,15.21,10.46,6.83,18.58,10.26,110.388,7.84,20.63,33.02,12.23,21.05
2017-04-21,34.23,7.737270,3.602,14.98,3.696,11.51,22.58,22.78,19.576946,15.36,10.31,6.91,17.73,10.22,110.274,7.9,20.68,32.91,12.36,21.0
2017-04-24,33.12,7.737270,3.602,14.3,3.665,11.0,22.7,22.58,19.721605,15.36,10.1,6.71,18.21,9.78,110.034,7.83,20.43,32.51,12.45,20.4
2017-04-25,34.24,7.844597,3.618,14.47,3.668,10.99,22.9,22.8,20.155577,15.37,10.17,6.81,18.12,9.74,110.068,7.84,20.55,33.84,12.42,20.45
2017-04-26,34.3,7.688486,3.64,15.21,3.678,11.16,22.88,23.15,20.300232,15.38,10.45,6.98,17.94,9.5,110.083,7.71,20.36,33.43,12.56,19.7
2017-04-27,34.04,7.571403,3.639,14.86,3.675,11.17,22.73,22.74,19.769823,15.46,10.55,7.04,18.16,9.33,109.947,7.87,19.76,33.58,12.55,19.2
2017-04-28,33.66,7.473832,3.689,15.17,3.662,11.22,22.69,22.5,19.480511,15.46,10.54,7.03,18.95,9.36,109.989,7.87,19.5,33.0,12.19,19.12
2017-05-01,33.66,7.473832,3.689,15.17,3.662,11.22,22.69,22.5,19.480511,15.46,10.54,7.03,18.95,9.36,109.989,7.87,19.5,33.0,12.19,19.12
2017-05-02,34.92,7.366506,3.669,15.55,3.653,11.15,22.35,22.05,19.432289,15.46,10.49,7.02,18.8,9.32,110.05,7.86,19.2,32.97,12.95,19.03
2017-05-03,35.19,7.366506,3.643,14.74,3.644,11.06,22.49,22.47,19.432289,15.43,10.41,7.18,18.93,9.11,109.909,7.78,18.86,32.65,13.11,18.99
2017-05-04,35.3,7.239666,3.658,15.04,3.626,11.0,22.48,22.14,19.249056,15.35,10.33,7.17,19.08,9.27,109.588,7.71,19.02,32.66,13.1,18.9
2017-05-05,36.15,7.151853,3.639,14.81,3.603,10.63,22.18,22.43,19.152620,15.38,10.43,6.99,18.28,9.32,109.473,7.71,18.89,32.77,13.14,18.82
2017-05-08,35.68,7.161610,3.642,13.5,3.578,10.37,22.14,22.28,19.133331,15.4,10.08,6.88,16.45,9.35,109.2,7.75,18.47,31.68,13.23,18.67
2017-05-09,35.3,7.307964,3.626,13.73,3.576,10.58,22.68,22.11,19.576946,15.44,10.27,6.82,17.36,9.33,109.23,7.75,18.62,31.16,12.86,18.69
2017-05-10,35.15,7.454319,3.616,13.38,3.565,10.46,22.83,22.13,19.576946,15.42,10.28,6.62,19.1,9.24,108.822,7.75,18.67,31.48,12.85,18.8
2017-05-11,35.82,7.434804,3.628,13.7,3.579,10.7,22.68,22.15,19.769823,15.57,10.42,6.6,19.75,9.37,108.944,7.79,19.24,32.88,13.24,18.7
2017-05-12,35.75,7.454319,3.636,13.87,3.605,10.68,23.16,23.08,20.107357,15.92,10.56,6.67,20.16,9.4,108.9,7.99,19.4,33.07,13.15,18.7
2017-05-15,35.31,7.522617,3.672,13.99,3.637,10.78,23.18,22.23,20.637766,15.89,10.44,6.7,19.74,9.34,109.033,7.95,19.34,33.03,13.17,18.71
2017-05-16,35.32,7.522617,3.684,14.9,3.667,11.01,23.14,23.03,20.927082,15.85,10.63,6.75,19.75,9.21,108.881,7.94,19.23,33.58,13.3,18.8
2017-05-17,34.37,7.503103,3.684,14.86,3.647,11.02,23.3,22.87,20.734205,15.73,10.55,6.74,20.3,9.2,108.805,7.88,19.14,32.92,13.13,18.8
2017-05-18,34.48,7.425048,3.695,14.07,3.63,11.05,23.04,22.89,20.685987,15.61,10.27,6.73,18.27,9.15,108.989,7.82,19.04,32.64,13.15,18.8
2017-05-19,35.54,7.415291,3.692,14.5,3.631,11.0,22.96,22.73,20.685987,15.59,10.26,6.7,17.57,9.09,108.638,7.81,19.17,33.1,13.32,18.85
2017-05-22,36.21,7.405534,3.691,14.11,3.642,10.92,22.6,23.16,21.168179,15.69,9.76,6.7,17.82,8.98,108.536,7.77,19.07,33.82,13.49,18.8
2017-05-23,36.32,7.542131,3.69,13.28,3.655,10.73,22.81,24.62,21.987900,15.94,9.15,6.7,16.51,9.07,108.51,7.89,19.23,33.99,13.69,18.79
2017-05-24,36.11,7.503103,3.671,13.57,3.653,10.81,22.58,24.29,22.132559,16.02,9.27,6.69,15.86,9.06,108.709,7.82,19.19,33.75,13.71,18.95
2017-05-25,35.33,7.698243,3.692,13.71,3.722,11.11,23.44,24.28,23.289816,16.57,9.67,6.84,16.69,9.28,109.2,8.11,20.5,33.59,13.61,19.21
2017-05-26,35.67,7.893382,3.692,13.83,3.716,11.19,23.55,24.0,22.855846,16.5,9.47,6.91,16.16,9.33,109.049,8.01,20.55,34.07,13.96,19.27
2017-05-29,35.67,7.795812,3.692,13.83,3.716,11.19,23.55,24.0,22.711187,16.5,9.47,6.91,16.16,9.33,109.049,8.01,20.55,34.07,13.96,19.27
2017-05-30,35.67,7.795812,3.692,13.83,3.716,11.19,23.55,24.0,22.711187,16.5,9.47,6.91,16.16,9.33,109.049,8.01,20.55,34.07,13.96,19.27
2017-05-31,36.12,7.795812,3.693,13.51,3.735,11.16,23.9,23.92,22.566530,16.55,9.55,6.9,16.16,9.45,109.234,8.03,21.26,34.08,14.17,19.15