公司代码,公司简称,symbol,name,A股上市日期,A股总股本,A股流通股本,industry,currency,exchange
600000,浦发银行,600000,浦发银行,1999-11-10,2161827.99,2051881.86, ,CNY,SSE
600004,白云机场,600004,白云机场,2003-04-28,115002.61,115002.61, ,CNY,SSE
600005,武钢股份,600005,武钢股份,1999-08-03,1009377.98,1009377.98, ,CNY,SSE
600006,东风汽车,600006,东风汽车,1999-07-27,200000,200000, ,CNY,SSE
600007,中国国贸,600007,中国国贸,1999-03-12,100728.25,100728.25, ,CNY,SSE
600008,首创股份,600008,首创股份,2000-04-27,482061.41,482061.41, ,CNY,SSE
600009,上海机场,600009,上海机场,1998-02-18,192695.84,109347.64, ,CNY,SSE
600010,包钢股份,600010,包钢股份,2001-03-09,3256073.76,1574202.42, ,CNY,SSE
600011,华能国际,600011,华能国际,2001-12-06,1520038.34,1520038.34, ,CNY,SSE
600012,皖通高速,600012,皖通高速,2003-01-07,165861,165861, ,CNY,SSE
600015,华夏银行,600015,华夏银行,2003-09-12,1068557.22,1068557.22, ,CNY,SSE
600016,民生银行,600016,民生银行,2000-12-19,3648534.88,3648534.88, ,CNY,SSE
600017,日照港,600017,日照港,2006-10-17,307565.39,307565.39, ,CNY,SSE
600018,上港集团,600018,上港集团,2006-10-26,2317367.47,2275517.97, ,CNY,SSE
600019,宝钢股份,600019,宝钢股份,2000-12-12,1646692.72,1642427.88, ,CNY,SSE
600020,中原高速,600020,中原高速,2003-08-08,224737.18,224737.18, ,CNY,SSE
600021,上海电力,600021,上海电力,2003-10-29,213973.93,213973.93, ,CNY,SSE
600022,山东钢铁,600022,山东钢铁,2004-06-29,842042.28,822201.01, ,CNY,SSE
600023,浙能电力,600023,浙能电力,2013-12-19,1360069,298759.97, ,CNY,SSE
600026,中海发展,600026,中海发展,2002-05-23,403203.29,403203.29, ,CNY,SSE
600027,华电国际,600027,华电国际,2005-02-03,986297.67,850183.93, ,CNY,SSE
600028,中国石化,600028,中国石化,2001-08-08,12107120.96,12107120.96, ,CNY,SSE
600029,南方航空,600029,南方航空,2003-07-25,981756.7,981756.7, ,CNY,SSE
600030,中信证券,600030,中信证券,2003-01-06,1211690.84,1209298.94, ,CNY,SSE
600031,三一重工,600031,三一重工,2003-07-03,761086.1,759372.04, ,CNY,SSE
600033,福建高速,600033,福建高速,2001-02-09,274440,274440, ,CNY,SSE
600035,楚天高速,600035,楚天高速,2004-03-10,145337.79,145337.79, ,CNY,SSE
600036,招商银行,600036,招商银行,2002-04-09,2521984.56,2521984.56, ,CNY,SSE
600037,歌华有线,600037,歌华有线,2001-02-08,139177.79,116835.2, ,CNY,SSE
600038,中直股份,600038,中直股份,2000-12-18,58947.67,39265, ,CNY,SSE
600039,四川路桥,600039,四川路桥,2003-03-25,301973.27,301973.27, ,CNY,SSE
600048,保利地产,600048,保利地产,2006-07-31,1185781.21,1075891.09, ,CNY,SSE
600050,中国联通,600050,中国联通,2002-10-09,2119659.64,2119659.64, ,CNY,SSE
600051,宁波联合,600051,宁波联合,1997-04-10,31088,30579.2, ,CNY,SSE
600052,浙江广厦,600052,浙江广厦,1997-04-18,87178.91,87178.91, ,CNY,SSE
600053,九鼎投资,600053,九鼎投资,1997-04-18,43354.08,43354.08, ,CNY,SSE
600054,黄山旅游,600054,黄山旅游,1997-05-06,74730,45070.5, ,CNY,SSE
600055,万东医疗,600055,万东医疗,1997-05-19,38629.73,34632, ,CNY,SSE
600056,中国医药,600056,中国医药,1997-05-15,106848.55,101213.61, ,CNY,SSE
600057,象屿股份,600057,象屿股份,1997-06-04,117077.94,98332.72, ,CNY,SSE
600058,五矿发展,600058,五矿发展,1997-05-28,107191.07,107191.07, ,CNY,SSE
600059,古越龙山,600059,古越龙山,1997-05-16,80852.42,80852.42, ,CNY,SSE
600060,海信电器,600060,海信电器,1997-04-22,130848.12,130848.12, ,CNY,SSE
600061,国投安信,600061,国投安信,1997-05-19,369415.17,196236.5, ,CNY,SSE
600062,华润双鹤,600062,华润双鹤,1997-05-22,72447.06,57169.59, ,CNY,SSE
600063,皖维高新,600063,皖维高新,1997-05-28,164589.47,152011.33, ,CNY,SSE
600064,南京高科,600064,南京高科,1997-05-06,77247.31,77247.31, ,CNY,SSE
600066,宇通客车,600066,宇通客车,1997-05-08,221393.92,190348.42, ,CNY,SSE
600067,冠城大通,600067,冠城大通,1997-05-08,148779.47,148779.47, ,CNY,SSE
600068,葛洲坝,600068,葛洲坝,1997-05-26,460477.74,414857.63, ,CNY,SSE
600069,银鸽投资,600069,银鸽投资,1997-04-30,124910.3,82537.41, ,CNY,SSE
600070,浙江富润,600070,浙江富润,1997-06-04,35661.31,35661.31, ,CNY,SSE
600071,凤凰光学,600071,凤凰光学,1997-05-28,23747.25,23747.25, ,CNY,SSE
600072,钢构工程,600072,钢构工程,1997-06-03,47842.96,47842.96, ,CNY,SSE
600073,上海梅林,600073,上海梅林,1997-07-04,93772.95,93772.95, ,CNY,SSE
600074,保千里,600074,保千里,1997-06-23,243788.6,89786.13, ,CNY,SSE
600075,新疆天业,600075,新疆天业,1997-06-17,69465.88,43859.2, ,CNY,SSE
600076,康欣新材,600076,康欣新材,1997-05-26,103426.41,36553.6, ,CNY,SSE
600077,宋都股份,600077,宋都股份,1997-05-20,134012.23,134012.23, ,CNY,SSE
600078,澄星股份,600078,澄星股份,1997-06-27,66257.29,66257.29, ,CNY,SSE
600079,人福医药,600079,人福医药,1997-06-06,128604.91,105755.44, ,CNY,SSE
600080,金花股份,600080,金花股份,1997-06-12,30529.59,30529.59, ,CNY,SSE
600081,东风科技,600081,东风科技,1997-07-03,31356,31356, ,CNY,SSE
600082,海泰发展,600082,海泰发展,1997-06-20,64611.58,63242.48, ,CNY,SSE
600083,博信股份,600083,博信股份,1997-06-06,23000,22692.28, ,CNY,SSE
600084,中葡股份,600084,中葡股份,1997-07-11,112372.68,99820.38, ,CNY,SSE
600085,同仁堂,600085,同仁堂,1997-06-25,137147.03,137147.03, ,CNY,SSE
600086,东方金钰,600086,东方金钰,1997-06-06,135000,105684.5, ,CNY,SSE
600088,中视传媒,600088,中视传媒,1997-06-16,33142.2,33142.2, ,CNY,SSE
600089,特变电工,600089,特变电工,1997-06-18,324348.09,319962.43, ,CNY,SSE
600090,同济堂,600090,同济堂,1997-06-16,143966.29,36791.66, ,CNY,SSE
600091,ST明科,600091,ST明科,1997-07-04,43741.25,33652.6, ,CNY,SSE
600093,禾嘉股份,600093,禾嘉股份,1997-06-26,112244.75,32244.75, ,CNY,SSE
600094,大名城,600094,大名城,1997-07-03,247532.51,201155.69, ,CNY,SSE
600095,哈高科,600095,哈高科,1997-07-08,36126.36,36126.36, ,CNY,SSE
600096,云天化,600096,云天化,1997-07-09,132137.91,112213.01, ,CNY,SSE
600097,开创国际,600097,开创国际,1997-06-19,20259.79,20259.79, ,CNY,SSE
600098,广州发展,600098,广州发展,1997-07-18,272619.66,272619.66, ,CNY,SSE
600099,林海股份,600099,林海股份,1997-07-04,21912,21912, ,CNY,SSE
600100,同方股份,600100,同方股份,1997-06-27,296389.9,219788.22, ,CNY,SSE
600101,明星电力,600101,明星电力,1997-06-27,32417.9,32417.9, ,CNY,SSE
600103,青山纸业,600103,青山纸业,1997-07-03,177370.6,106184.16, ,CNY,SSE
600104,上汽集团,600104,上汽集团,1997-11-25,1102556.66,1102556.66, ,CNY,SSE
600105,永鼎股份,600105,永鼎股份,1997-09-29,94499.31,76190.93, ,CNY,SSE
600106,重庆路桥,600106,重庆路桥,1997-06-18,90774.2,90774.2, ,CNY,SSE
600107,美尔雅,600107,美尔雅,1997-11-06,36000,36000, ,CNY,SSE
600108,亚盛集团,600108,亚盛集团,1997-08-18,194691.51,194691.51, ,CNY,SSE
600109,国金证券,600109,国金证券,1997-08-07,302435.93,302435.93, ,CNY,SSE
600110,诺德股份,600110,诺德股份,1997-10-07,115031.21,115031.21, ,CNY,SSE
600111,北方稀土,600111,北方稀土,1997-09-24,363306.6,363306.6, ,CNY,SSE
600112,天成控股,600112,天成控股,1997-11-27,50920.48,50920.48, ,CNY,SSE
600113,浙江东日,600113,浙江东日,1997-10-21,31860,31860, ,CNY,SSE
600114,东睦股份,600114,东睦股份,2004-05-11,39076.55,38113.55, ,CNY,SSE
600115,东方航空,600115,东方航空,1997-11-05,1446758.57,1314017.89, ,CNY,SSE
600116,三峡水利,600116,三峡水利,1997-08-04,99300.55,88800.55, ,CNY,SSE
600117,西宁特钢,600117,西宁特钢,1997-10-15,74121.93,74121.93, ,CNY,SSE
600118,中国卫星,600118,中国卫星,1997-09-08,118248.91,118248.91, ,CNY,SSE
600119,长江投资,600119,长江投资,1998-01-15,30740,30740, ,CNY,SSE
600120,浙江东方,600120,浙江东方,1997-12-01,50547.35,50547.35, ,CNY,SSE
600121,郑州煤电,600121,郑州煤电,1998-01-07,101534.34,101534.34, ,CNY,SSE
600122,宏图高科,600122,宏图高科,1998-04-20,114997.34,114647.34, ,CNY,SSE
600123,兰花科创,600123,兰花科创,1998-12-17,114240,114240, ,CNY,SSE
600125,铁龙物流,600125,铁龙物流,1998-05-11,130552.19,130552.19, ,CNY,SSE
600126,杭钢股份,600126,杭钢股份,1998-03-11,259783.78,83893.88, ,CNY,SSE
600127,金健米业,600127,金健米业,1998-05-06,64178.32,54445.96, ,CNY,SSE
600128,弘业股份,600128,弘业股份,1997-09-01,24676.75,24676.75, ,CNY,SSE
600129,太极集团,600129,太极集团,1997-11-18,42689.4,42689.4, ,CNY,SSE
600130,波导股份,600130,波导股份,2000-07-06,76800,76800, ,CNY,SSE
600131,岷江水电,600131,岷江水电,1998-04-02,50412.52,39743.81, ,CNY,SSE
600132,重庆啤酒,600132,重庆啤酒,1997-10-30,48397.12,48397.12, ,CNY,SSE
600133,东湖高新,600133,东湖高新,1998-02-12,63425.78,53794.89, ,CNY,SSE
600135,乐凯胶片,600135,乐凯胶片,1998-01-22,37299.17,36834.3, ,CNY,SSE
600136,当代明诚,600136,当代明诚,1998-03-03,48718.22,24105.49, ,CNY,SSE
600137,浪莎股份,600137,浪莎股份,1998-04-16,9721.76,9721.76, ,CNY,SSE
600138,中青旅,600138,中青旅,1997-12-03,72384,70271.82, ,CNY,SSE
600139,西部资源,600139,西部资源,1998-02-25,66189.05,66189.05, ,CNY,SSE
600141,兴发集团,600141,兴发集团,1999-06-16,51223.73,48029.72, ,CNY,SSE
600143,金发科技,600143,金发科技,2004-06-23,256000,256000, ,CNY,SSE
600145,*ST新亿,600145,*ST新亿,1999-09-23,149110.04,149110.04, ,CNY,SSE
600146,商赢环球,600146,商赢环球,1999-07-07,46997,20000, ,CNY,SSE
600148,长春一东,600148,长春一东,1998-05-20,14151.65,14151.65, ,CNY,SSE
600149,廊坊发展,600149,廊坊发展,1999-10-14,38016,38016, ,CNY,SSE
600150,中国船舶,600150,中国船舶,1998-05-20,137811.76,137811.76, ,CNY,SSE
600151,航天机电,600151,航天机电,1998-06-05,143425.23,125017.99, ,CNY,SSE
600152,维科精华,600152,维科精华,1998-06-09,29349.42,29349.42, ,CNY,SSE
600153,建发股份,600153,建发股份,1998-06-16,283520.05,283520.05, ,CNY,SSE
600155,宝硕股份,600155,宝硕股份,1998-09-18,119234.48,41250, ,CNY,SSE
600156,华升股份,600156,华升股份,1998-05-27,40211.07,40211.07, ,CNY,SSE
600157,永泰能源,600157,永泰能源,1998-05-13,1242579.53,459565.48, ,CNY,SSE
600158,中体产业,600158,中体产业,1998-03-27,84373.54,65749.54, ,CNY,SSE
600159,大龙地产,600159,大龙地产,1998-05-26,83000.32,83000.32, ,CNY,SSE
600160,巨化股份,600160,巨化股份,1998-06-26,211166.62,181091.6, ,CNY,SSE
600161,天坛生物,600161,天坛生物,1998-06-16,51546.69,51546.69, ,CNY,SSE
600162,香江控股,600162,香江控股,1998-06-09,280925.92,115171.89, ,CNY,SSE
600163,中闽能源,600163,中闽能源,1998-06-02,99946.52,75362.39, ,CNY,SSE
600165,新日恒力,600165,新日恒力,1998-05-29,68488.38,68488.38, ,CNY,SSE
600166,福田汽车,600166,福田汽车,1998-06-02,667013.13,667013.13, ,CNY,SSE
600167,联美控股,600167,联美控股,1999-01-28,68014.93,21100, ,CNY,SSE
600168,武汉控股,600168,武汉控股,1998-04-27,70956.97,70956.97, ,CNY,SSE
600169,太原重工,600169,太原重工,1998-09-04,242395.5,242395.5, ,CNY,SSE
600170,上海建工,600170,上海建工,1998-06-23,713185.71,690631.49, ,CNY,SSE
600171,上海贝岭,600171,上海贝岭,1998-09-24,67380.78,67380.78, ,CNY,SSE
600172,黄河旋风,600172,黄河旋风,1998-11-26,79239.89,64187.39, ,CNY,SSE
600173,卧龙地产,600173,卧龙地产,1999-04-15,72514.75,72505.75, ,CNY,SSE
600175,美都能源,600175,美都能源,1999-04-08,357648.88,144803.32, ,CNY,SSE
600176,中国巨石,600176,中国巨石,1999-04-22,243215.75,191978.49, ,CNY,SSE
600177,雅戈尔,600177,雅戈尔,1998-11-19,255817.67,222661.17, ,CNY,SSE
600178,东安动力,600178,东安动力,1998-10-14,46208,46208, ,CNY,SSE
600179,*ST黑化,600179,*ST黑化,1998-11-04,106212.85,39000, ,CNY,SSE
600180,瑞茂通,600180,瑞茂通,1998-07-03,101647.75,88254.89, ,CNY,SSE
600182,S佳通,600182,S佳通,1999-05-07,34000,17000, ,CNY,SSE
600183,生益科技,600183,生益科技,1998-10-28,143755.39,143755.39, ,CNY,SSE
600184,光电股份,600184,光电股份,2003-11-06,50876.08,41876.08, ,CNY,SSE
600185,格力地产,600185,格力地产,1999-06-11,206000,161752.21, ,CNY,SSE
600186,莲花健康,600186,莲花健康,1998-08-25,106202.43,106202.43, ,CNY,SSE
600187,国中水务,600187,国中水务,1998-11-11,145562.42,145562.42, ,CNY,SSE
600188,兖州煤业,600188,兖州煤业,1998-07-01,491201.6,491201.6, ,CNY,SSE
600189,吉林森工,600189,吉林森工,1998-10-07,31050,31050, ,CNY,SSE
600190,锦州港,600190,锦州港,1999-06-09,200229.15,156178.74, ,CNY,SSE
600191,华资实业,600191,华资实业,1998-12-10,48493.2,48493.2, ,CNY,SSE
600192,长城电工,600192,长城电工,1998-12-24,44174.8,44174.8, ,CNY,SSE
600193,创兴资源,600193,创兴资源,1999-05-27,42537.3,42537.3, ,CNY,SSE
600195,中牧股份,600195,中牧股份,1999-01-07,42980,42980, ,CNY,SSE
600196,复星医药,600196,复星医药,1998-08-07,231407.54,231012.1, ,CNY,SSE
600197,伊力特,600197,伊力特,1999-09-16,44100,44100, ,CNY,SSE
600198,大唐电信,600198,大唐电信,1998-10-21,88210.85,83942.25, ,CNY,SSE
600199,金种子酒,600199,金种子酒,1998-08-12,55577.5,55577.5, ,CNY,SSE
600200,江苏吴中,600200,江苏吴中,1999-04-01,72189.2,56501.53, ,CNY,SSE
600201,生物股份,600201,生物股份,1999-01-15,61315.24,56894.35, ,CNY,SSE
600202,哈空调,600202,哈空调,1999-06-03,38334.07,38334.07, ,CNY,SSE
600203,福日电子,600203,福日电子,1999-05-14,45644.71,30317.08, ,CNY,SSE
600206,有研新材,600206,有研新材,1999-03-19,83877.83,70783.31, ,CNY,SSE
600207,安彩高科,600207,安彩高科,1999-07-14,86295.6,69000, ,CNY,SSE
600208,新湖中宝,600208,新湖中宝,1999-06-23,859934.35,763663.35, ,CNY,SSE
600209,罗顿发展,600209,罗顿发展,1999-03-25,43901.12,42634.5, ,CNY,SSE
600210,紫江企业,600210,紫江企业,1999-08-24,151673.62,143673.62, ,CNY,SSE
600211,西藏药业,600211,西藏药业,1999-07-21,14558.9,11410.9, ,CNY,SSE
600212,*ST江泉,600212,*ST江泉,1999-08-17,51169.72,51169.72, ,CNY,SSE
600213,亚星客车,600213,亚星客车,1999-08-31,22000,22000, ,CNY,SSE
600215,长春经开,600215,长春经开,1999-09-09,46503.29,46503.29, ,CNY,SSE
600216,浙江医药,600216,浙江医药,1999-10-21,96284.8,93610.37, ,CNY,SSE
600217,中再资环,600217,中再资环,1999-12-16,134158.75,69198.27, ,CNY,SSE
600218,全柴动力,600218,全柴动力,1998-12-03,36875.5,36875.5, ,CNY,SSE
600219,南山铝业,600219,南山铝业,1999-12-23,708796.09,708796.09, ,CNY,SSE
600220,江苏阳光,600220,江苏阳光,1999-09-27,178334.03,178334.03, ,CNY,SSE
600221,海南航空,600221,海南航空,1999-11-25,1680612.03,1218151.06, ,CNY,SSE
600222,太龙药业,600222,太龙药业,1999-11-05,57388.63,51856.51, ,CNY,SSE
600223,鲁商置业,600223,鲁商置业,2000-01-13,100096.8,100096.8, ,CNY,SSE
600225,天津松江,600225,天津松江,2000-01-27,93549.26,84982.56, ,CNY,SSE
600226,升华拜克,600226,升华拜克,1999-11-16,109498.3,109498.3, ,CNY,SSE
600227,赤天化,600227,赤天化,2000-02-21,173631.91,95039.25, ,CNY,SSE
600228,昌九生化,600228,昌九生化,1999-01-19,24132,24132, ,CNY,SSE
600229,城市传媒,600229,城市传媒,2000-03-09,70209.6,42977.21, ,CNY,SSE
600230,*ST沧大,600230,*ST沧大,2000-04-06,29418.82,29418.82, ,CNY,SSE
600231,凌钢股份,600231,凌钢股份,2000-05-11,251916.61,160800.44, ,CNY,SSE
600232,金鹰股份,600232,金鹰股份,2000-06-02,36471.85,36471.85, ,CNY,SSE
600233,圆通速递,600233,圆通速递,2000-06-08,282122.96,33000, ,CNY,SSE
600234,*ST山水,600234,*ST山水,2000-06-15,20244.59,20244.59, ,CNY,SSE
600235,民丰特纸,600235,民丰特纸,2000-06-15,35130,35130, ,CNY,SSE
600236,桂冠电力,600236,桂冠电力,2000-03-23,606336.75,112852.68, ,CNY,SSE
600237,铜峰电子,600237,铜峰电子,2000-06-09,56436.96,56436.96, ,CNY,SSE
600238,海南椰岛,600238,海南椰岛,2000-01-20,44820,44500.16, ,CNY,SSE
600239,云南城投,600239,云南城投,1999-12-02,107045.79,107045.79, ,CNY,SSE
600240,华业资本,600240,华业资本,2000-06-28,142425.36,142425.36, ,CNY,SSE
600241,时代万恒,600241,时代万恒,2000-11-28,22619.21,19295.91, ,CNY,SSE
600242,中昌海运,600242,中昌海运,2000-12-07,41801.13,26730.28, ,CNY,SSE
600243,青海华鼎,600243,青海华鼎,2000-11-20,43885,23685, ,CNY,SSE
600246,万通地产,600246,万通地产,2000-09-22,205400.93,121680, ,CNY,SSE
600247,ST成城,600247,ST成城,2000-11-23,33644.16,33644.16, ,CNY,SSE
600248,延长化建,600248,延长化建,2000-06-22,61579.6,60760.6, ,CNY,SSE
600249,两面针,600249,两面针,2004-01-30,55000,45000, ,CNY,SSE
600250,南纺股份,600250,南纺股份,2001-03-06,25869.25,25869.25, ,CNY,SSE
600251,冠农股份,600251,冠农股份,2003-06-09,78484.2,78484.2, ,CNY,SSE
600252,中恒集团,600252,中恒集团,2000-11-30,347510.71,343009.66, ,CNY,SSE
600255,鑫科材料,600255,鑫科材料,2000-11-22,176959.36,176959.36, ,CNY,SSE
600256,广汇能源,600256,广汇能源,2000-05-26,522142.47,522142.47, ,CNY,SSE
600257,大湖股份,600257,大湖股份,2000-06-12,48123.72,42705, ,CNY,SSE
600258,首旅酒店,600258,首旅酒店,2000-06-01,23140,23140, ,CNY,SSE
600259,广晟有色,600259,广晟有色,2000-05-25,26212.26,25830.59, ,CNY,SSE
600260,凯乐科技,600260,凯乐科技,2000-07-06,66674.76,53252.71, ,CNY,SSE
600261,阳光照明,600261,阳光照明,2000-07-20,145210.29,145210.29, ,CNY,SSE
600262,北方股份,600262,北方股份,2000-06-30,17000,17000, ,CNY,SSE
600265,*ST景谷,600265,*ST景谷,2000-08-25,12980,12980, ,CNY,SSE
600266,北京城建,600266,北京城建,1999-02-03,156704,151704, ,CNY,SSE
600267,海正药业,600267,海正药业,2000-07-25,96553.18,96553.18, ,CNY,SSE
600268,国电南自,600268,国电南自,1999-11-18,63524.64,63524.64, ,CNY,SSE
600269,赣粤高速,600269,赣粤高速,2000-05-18,233540.7,233540.7, ,CNY,SSE
600270,外运发展,600270,外运发展,2000-12-28,90548.17,90548.17, ,CNY,SSE
600271,航天信息,600271,航天信息,2003-07-11,184681.1,184681.1, ,CNY,SSE
600272,开开实业,600272,开开实业,1997-01-08,24300,24000, ,CNY,SSE
600273,嘉化能源,600273,嘉化能源,2003-06-27,130628.53,57999.84, ,CNY,SSE
600275,武昌鱼,600275,武昌鱼,2000-08-10,50883.72,50883.72, ,CNY,SSE
600276,恒瑞医药,600276,恒瑞医药,2000-10-18,234752.66,234309.16, ,CNY,SSE
600277,亿利洁能,600277,亿利洁能,2000-07-25,208958.95,208958.95, ,CNY,SSE
600278,东方创业,600278,东方创业,2000-07-12,52224.17,52224.17, ,CNY,SSE
600279,重庆港九,600279,重庆港九,2000-07-31,69295.86,69295.86, ,CNY,SSE
600280,中央商场,600280,中央商场,2000-09-26,114833.49,114833.49, ,CNY,SSE
600281,太化股份,600281,太化股份,2000-11-09,51440.2,51440.2, ,CNY,SSE
600282,南钢股份,600282,南钢股份,2000-09-19,396207.25,387575.25, ,CNY,SSE
600283,钱江水利,600283,钱江水利,2000-10-18,35299.58,33591.61, ,CNY,SSE
600284,浦东建设,600284,浦东建设,2004-03-16,69304,69304, ,CNY,SSE
600285,羚锐制药,600285,羚锐制药,2000-10-18,59232.08,53543.46, ,CNY,SSE
600287,江苏舜天,600287,江苏舜天,2000-09-01,43679.61,43679.61, ,CNY,SSE
600288,大恒科技,600288,大恒科技,2000-11-29,43680,43680, ,CNY,SSE
600289,亿阳信通,600289,亿阳信通,2000-07-20,63105.21,56592.27, ,CNY,SSE
600290,华仪电气,600290,华仪电气,2000-11-06,75990.35,52688.37, ,CNY,SSE
600291,西水股份,600291,西水股份,2000-07-31,109306.44,38400, ,CNY,SSE
600292,远达环保,600292,远达环保,2000-11-01,78081.69,78081.69, ,CNY,SSE
600293,三峡新材,600293,三峡新材,2000-09-19,77475.47,34450.26, ,CNY,SSE
600295,鄂尔多斯,600295,鄂尔多斯,1995-10-20,103200,103200, ,CNY,SSE
600297,广汇汽车,600297,广汇汽车,2000-11-16,550040.07,183982.86, ,CNY,SSE
600298,安琪酵母,600298,安琪酵母,2000-08-18,82408.09,81071.93, ,CNY,SSE
600299,安迪苏,600299,安迪苏,2000-04-20,268190.13,57455.94, ,CNY,SSE
600300,维维股份,600300,维维股份,2000-06-30,167200,167200, ,CNY,SSE
600301,*ST南化,600301,*ST南化,2000-07-12,23514.81,23514.81, ,CNY,SSE
600302,标准股份,600302,标准股份,2000-12-13,34600.98,34600.98, ,CNY,SSE
600303,曙光股份,600303,曙光股份,2000-12-26,67560.42,57450.6, ,CNY,SSE
600305,恒顺醋业,600305,恒顺醋业,2001-02-06,60273.8,60273.8, ,CNY,SSE
600306,*ST商城,600306,*ST商城,2000-12-26,17813.89,17740.57, ,CNY,SSE
600307,酒钢宏兴,600307,酒钢宏兴,2000-12-20,626335.74,626335.74, ,CNY,SSE
600308,华泰股份,600308,华泰股份,2000-09-28,116756.14,116756.14, ,CNY,SSE
600309,万华化学,600309,万华化学,2000-01-05,216233.47,216233.47, ,CNY,SSE
600310,桂东电力,600310,桂东电力,2001-02-28,82777.5,82777.5, ,CNY,SSE
600311,荣华实业,600311,荣华实业,2001-06-26,66560,66560, ,CNY,SSE
600312,平高电气,600312,平高电气,2001-02-21,113748.56,81896.62, ,CNY,SSE
600313,农发种业,600313,农发种业,2001-01-19,108219.87,91821.81, ,CNY,SSE
600315,上海家化,600315,上海家化,2001-03-15,67341.65,67107.3, ,CNY,SSE
600316,洪都航空,600316,洪都航空,2000-12-15,71711.45,71711.45, ,CNY,SSE
600317,营口港,600317,营口港,2002-01-31,647298.3,647298.3, ,CNY,SSE
600318,新力金融,600318,新力金融,2000-12-08,24200,24200, ,CNY,SSE
600319,*ST亚星,600319,*ST亚星,2001-03-26,31559.4,31559.4, ,CNY,SSE
600320,振华重工,600320,振华重工,2000-12-21,439029.46,439029.46, ,CNY,SSE
600321,国栋建设,600321,国栋建设,2001-05-24,151055,118088, ,CNY,SSE
600322,天房发展,600322,天房发展,2001-09-10,110570,110570, ,CNY,SSE
600323,瀚蓝环境,600323,瀚蓝环境,2000-12-25,76626.4,62871, ,CNY,SSE
600325,华发股份,600325,华发股份,2004-02-25,116904.56,81704.56, ,CNY,SSE
600326,西藏天路,600326,西藏天路,2001-01-16,66568.04,54720, ,CNY,SSE
600327,大东方,600327,大东方,2002-06-25,56716.64,52171.18, ,CNY,SSE
600328,兰太实业,600328,兰太实业,2000-12-22,43803.11,35911.8, ,CNY,SSE
600329,中新药业,600329,中新药业,2001-06-06,76887.31,76576.81, ,CNY,SSE
600330,天通股份,600330,天通股份,2001-01-18,83047.14,75997.14, ,CNY,SSE
600331,宏达股份,600331,宏达股份,2001-12-20,203200,103200, ,CNY,SSE
600332,白云山,600332,白云山,2001-02-06,162579.09,129107.93, ,CNY,SSE
600333,长春燃气,600333,长春燃气,2000-12-11,52961.98,52961.98, ,CNY,SSE
600335,国机汽车,600335,国机汽车,2001-03-05,102973.68,86213.99, ,CNY,SSE
600336,澳柯玛,600336,澳柯玛,2000-12-29,68207.2,68007.2, ,CNY,SSE
600337,美克家居,600337,美克家居,2000-11-27,64496.02,64496.02, ,CNY,SSE
600338,西藏珠峰,600338,西藏珠峰,2000-12-27,65300.73,15833.33, ,CNY,SSE
600339,*ST天利,600339,*ST天利,2000-12-25,57815.47,57815.47, ,CNY,SSE
600340,华夏幸福,600340,华夏幸福,2003-12-30,295494.67,264575.94, ,CNY,SSE
600343,航天动力,600343,航天动力,2003-04-08,63820.63,63820.63, ,CNY,SSE
600345,长江通信,600345,长江通信,2000-12-22,19800,19800, ,CNY,SSE
600346,*ST橡塑,600346,*ST橡塑,2001-08-20,282568.69,66778.68, ,CNY,SSE
600348,阳泉煤业,600348,阳泉煤业,2003-08-21,240500,240500, ,CNY,SSE
600350,山东高速,600350,山东高速,2002-03-18,481116.59,481116.59, ,CNY,SSE
600351,亚宝药业,600351,亚宝药业,2002-09-26,78704.15,69200, ,CNY,SSE
600352,浙江龙盛,600352,浙江龙盛,2003-08-01,325333.19,305993.19, ,CNY,SSE
600353,旭光股份,600353,旭光股份,2002-11-20,54372,54372, ,CNY,SSE
600354,敦煌种业,600354,敦煌种业,2004-01-15,52780.21,44780.21, ,CNY,SSE
600355,精伦电子,600355,精伦电子,2002-06-13,49208.92,49208.92, ,CNY,SSE
600356,恒丰纸业,600356,恒丰纸业,2001-04-19,29873.14,29873.14, ,CNY,SSE
600358,国旅联合,600358,国旅联合,2000-09-22,50493.67,43200, ,CNY,SSE
600359,新农开发,600359,新农开发,1999-04-29,38151.28,38151.28, ,CNY,SSE
600360,华微电子,600360,华微电子,2001-03-16,73808,73808, ,CNY,SSE
600361,华联综超,600361,华联综超,2001-11-29,66580.79,66580.79, ,CNY,SSE
600362,江西铜业,600362,江西铜业,2002-01-11,346272.94,346272.94, ,CNY,SSE
600363,联创光电,600363,联创光电,2001-03-29,44347.68,44347.68, ,CNY,SSE
600365,通葡股份,600365,通葡股份,2001-01-15,40000,40000, ,CNY,SSE
600366,宁波韵升,600366,宁波韵升,2000-10-30,55748.69,52054.88, ,CNY,SSE
600367,红星发展,600367,红星发展,2001-03-20,29120,29120, ,CNY,SSE
600368,五洲交通,600368,五洲交通,2000-12-21,83380.15,83380.15, ,CNY,SSE
600369,西南证券,600369,西南证券,2001-01-09,564510.91,464510.91, ,CNY,SSE
600370,三房巷,600370,三房巷,2003-03-06,79724.42,79724.42, ,CNY,SSE
600371,万向德农,600371,万向德农,2002-09-16,22506,22506, ,CNY,SSE
600372,中航电子,600372,中航电子,2001-07-06,175916.29,175916.29, ,CNY,SSE
600373,中文传媒,600373,中文传媒,2002-03-04,137794,126393.44, ,CNY,SSE
600375,*ST星马,600375,*ST星马,2003-04-01,55574.06,55574.06, ,CNY,SSE
600376,首开股份,600376,首开股份,2001-03-12,257956.52,224201.25, ,CNY,SSE
600377,宁沪高速,600377,宁沪高速,2001-01-16,503774.75,501998.14, ,CNY,SSE
600378,天科股份,600378,天科股份,2001-01-11,29719.33,29719.33, ,CNY,SSE
600379,宝光股份,600379,宝光股份,2002-01-16,23585.83,23585.83, ,CNY,SSE
600380,健康元,600380,健康元,2001-06-08,158838.93,156105.33, ,CNY,SSE
600381,ST春天,600381,ST春天,2001-05-08,68561.15,20581.02, ,CNY,SSE
600382,广东明珠,600382,广东明珠,2001-01-18,34174.66,34174.66, ,CNY,SSE
600383,金地集团,600383,金地集团,2001-04-12,450084.94,450084.94, ,CNY,SSE
600385,山东金泰,600385,山东金泰,2001-07-23,14810.71,14277.38, ,CNY,SSE
600386,北巴传媒,600386,北巴传媒,2001-02-16,40320,40320, ,CNY,SSE
600387,海越股份,600387,海越股份,2004-02-18,38610,38571, ,CNY,SSE
600388,龙净环保,600388,龙净环保,2000-12-29,106905,106905, ,CNY,SSE
600389,江山股份,600389,江山股份,2001-01-10,29700,29700, ,CNY,SSE
600390,*ST金瑞,600390,*ST金瑞,2001-01-15,45125.64,45125.64, ,CNY,SSE
600391,成发科技,600391,成发科技,2001-12-12,33012.94,33012.94, ,CNY,SSE
600392,盛和资源,600392,盛和资源,2003-05-29,94103.94,94103.94, ,CNY,SSE
600393,粤泰股份,600393,粤泰股份,2001-03-19,126812.39,29950.5, ,CNY,SSE
600395,盘江股份,600395,盘江股份,2001-05-31,165505.19,165505.19, ,CNY,SSE
600396,金山股份,600396,金山股份,2001-03-28,147270.68,81280, ,CNY,SSE
600397,安源煤业,600397,安源煤业,2002-07-02,98995.99,98995.99, ,CNY,SSE
600398,海澜之家,600398,海澜之家,2000-12-28,449275.79,153121.95, ,CNY,SSE
600399,抚顺特钢,600399,抚顺特钢,2000-12-29,130000,112962.28, ,CNY,SSE
600400,红豆股份,600400,红豆股份,2001-01-08,164497.2,112079.93, ,CNY,SSE
600401,海润光伏,600401,海润光伏,2003-09-24,472493.52,472493.52, ,CNY,SSE
600403,大有能源,600403,大有能源,2003-10-09,239081.24,239081.24, ,CNY,SSE
600405,动力源,600405,动力源,2004-04-01,43794.28,42389.28, ,CNY,SSE
600406,国电南瑞,600406,国电南瑞,2003-10-16,242895.34,220575.36, ,CNY,SSE
600408,安泰集团,600408,安泰集团,2003-02-12,100680,100680, ,CNY,SSE
600409,三友化工,600409,三友化工,2003-06-18,185038.55,185038.55, ,CNY,SSE
600410,华胜天成,600410,华胜天成,2004-04-27,110448.42,89242.37, ,CNY,SSE
600415,小商品城,600415,小商品城,2002-05-09,544321.42,544321.42, ,CNY,SSE
600416,湘电股份,600416,湘电股份,2002-07-18,94583.43,70292.9, ,CNY,SSE
600418,江淮汽车,600418,江淮汽车,2001-08-24,189331.21,101735.81, ,CNY,SSE
600419,天润乳业,600419,天润乳业,2001-06-28,10355.72,8332.04, ,CNY,SSE
600420,现代制药,600420,现代制药,2004-06-16,28773.34,28773.34, ,CNY,SSE
600421,仰帆控股,600421,仰帆控股,2004-06-07,19560,19560, ,CNY,SSE
600422,昆药集团,600422,昆药集团,2000-12-06,78868.86,68089.94, ,CNY,SSE
600423,柳化股份,600423,柳化股份,2003-07-17,39934.75,39934.75, ,CNY,SSE
600425,青松建化,600425,青松建化,2003-07-24,137879.01,137879.01, ,CNY,SSE
600426,华鲁恒升,600426,华鲁恒升,2002-06-20,124652.45,123971.25, ,CNY,SSE
600428,中远航运,600428,中远航运,2002-04-18,214665.08,169044.64, ,CNY,SSE
600429,三元股份,600429,三元股份,2003-09-15,149755.74,88500, ,CNY,SSE
600432,*ST吉恩,600432,*ST吉恩,2003-09-05,160372.39,81112.15, ,CNY,SSE
600433,冠豪高新,600433,冠豪高新,2003-06-19,127131.54,119028, ,CNY,SSE
600435,北方导航,600435,北方导航,2003-07-04,148932,148932, ,CNY,SSE
600436,片仔癀,600436,片仔癀,2003-06-16,60331.72,60331.72, ,CNY,SSE
600438,通威股份,600438,通威股份,2004-03-02,338403.34,163421.93, ,CNY,SSE
600439,瑞贝卡,600439,瑞贝卡,2003-07-10,94332.12,94332.12, ,CNY,SSE
600444,国机通用,600444,国机通用,2004-02-19,14642.19,10500, ,CNY,SSE
600446,金证股份,600446,金证股份,2003-12-24,83500.95,80140.95, ,CNY,SSE
600448,华纺股份,600448,华纺股份,2001-09-03,42236.41,39939.37, ,CNY,SSE
600449,宁夏建材,600449,宁夏建材,2003-08-29,47818.1,47818.1, ,CNY,SSE
600452,涪陵电力,600452,涪陵电力,2004-03-03,16000,16000, ,CNY,SSE
600455,博通股份,600455,博通股份,2004-03-29,6245.8,4971.78, ,CNY,SSE
600456,宝钛股份,600456,宝钛股份,2002-04-12,43026.57,43026.57, ,CNY,SSE
600458,时代新材,600458,时代新材,2002-12-19,80279.82,66142.21, ,CNY,SSE
600459,贵研铂业,600459,贵研铂业,2003-05-16,26097.77,26097.77, ,CNY,SSE
600460,士兰微,600460,士兰微,2003-03-11,124716.8,124716.8, ,CNY,SSE
600461,洪城水业,600461,洪城水业,2004-06-01,78959.36,59400, ,CNY,SSE
600462,九有股份,600462,九有股份,2003-09-03,53378,53378, ,CNY,SSE
600463,空港股份,600463,空港股份,2004-03-18,30000,25200, ,CNY,SSE
600466,蓝光发展,600466,蓝光发展,2001-02-12,213610.63,87593.92, ,CNY,SSE
600467,好当家,600467,好当家,2004-04-05,146099.43,146099.43, ,CNY,SSE
600468,百利电气,600468,百利电气,2001-06-15,54074.23,45619.2, ,CNY,SSE
600469,风神股份,600469,风神股份,2003-10-21,56241.32,56241.32, ,CNY,SSE
600470,六国化工,600470,六国化工,2004-03-05,52160,52160, ,CNY,SSE
600475,华光股份,600475,华光股份,2003-07-21,25600,25600, ,CNY,SSE
600476,湘邮科技,600476,湘邮科技,2003-12-10,16107,16107, ,CNY,SSE
600477,杭萧钢构,600477,杭萧钢构,2003-11-10,105714.94,80253.07, ,CNY,SSE
600478,科力远,600478,科力远,2003-09-18,139107.03,127503.5, ,CNY,SSE
600479,千金药业,600479,千金药业,2004-03-12,34875.59,30481.92, ,CNY,SSE
600480,凌云股份,600480,凌云股份,2003-08-15,45093.42,36171.48, ,CNY,SSE
600481,双良节能,600481,双良节能,2003-04-22,162049.58,162049.58, ,CNY,SSE
600482,中国动力,600482,中国动力,2004-07-14,173919.09,52434.2, ,CNY,SSE
600483,福能股份,600483,福能股份,2004-05-31,155182.56,28848.37, ,CNY,SSE
600485,信威集团,600485,信威集团,2003-08-07,292374.28,163144.32, ,CNY,SSE
600486,扬农化工,600486,扬农化工,2002-04-25,30989.89,30989.89, ,CNY,SSE
600487,亨通光电,600487,亨通光电,2003-08-22,124126.91,115126.91, ,CNY,SSE
600488,天药股份,600488,天药股份,2001-06-18,96085.5,96085.5, ,CNY,SSE
600489,中金黄金,600489,中金黄金,2003-08-14,345113.72,345113.72, ,CNY,SSE
600490,鹏欣资源,600490,鹏欣资源,2003-06-26,147900,147900, ,CNY,SSE
600491,龙元建设,600491,龙元建设,2004-05-24,126210,94760, ,CNY,SSE
600493,凤竹纺织,600493,凤竹纺织,2004-04-21,27200,27200, ,CNY,SSE
600495,晋西车轴,600495,晋西车轴,2004-05-26,120819.09,120819.09, ,CNY,SSE
600496,精工钢构,600496,精工钢构,2002-06-05,151044.52,151044.52, ,CNY,SSE
600497,驰宏锌锗,600497,驰宏锌锗,2004-04-20,430989.82,333512.18, ,CNY,SSE
600498,烽火通信,600498,烽火通信,2001-08-23,104669.35,98654.12, ,CNY,SSE
600499,科达洁能,600499,科达洁能,2002-10-10,141146.43,137747.34, ,CNY,SSE
600500,中化国际,600500,中化国际,2000-03-01,208301.27,172312.47, ,CNY,SSE
600501,航天晨光,600501,航天晨光,2001-06-15,42128.36,40688.36, ,CNY,SSE
600502,安徽水利,600502,安徽水利,2003-04-15,90424.72,90424.72, ,CNY,SSE
600503,华丽家族,600503,华丽家族,2002-07-09,160229,156269.07, ,CNY,SSE
600505,西昌电力,600505,西昌电力,2002-05-30,36456.75,36456.75, ,CNY,SSE
600506,香梨股份,600506,香梨股份,2001-12-26,14770.69,14770.69, ,CNY,SSE
600507,方大特钢,600507,方大特钢,2003-09-30,132609.3,132609.3, ,CNY,SSE
600508,上海能源,600508,上海能源,2001-08-29,72271.8,72271.8, ,CNY,SSE
600509,天富能源,600509,天富能源,2002-02-28,90569.66,90569.66, ,CNY,SSE
600510,黑牡丹,600510,黑牡丹,2002-06-18,104709.5,79552.27, ,CNY,SSE
600511,国药股份,600511,国药股份,2002-11-27,47880,27764.34, ,CNY,SSE
600512,腾达建设,600512,腾达建设,2002-12-26,159890.28,97080.55, ,CNY,SSE
600513,联环药业,600513,联环药业,2003-03-19,21958.17,21958.17, ,CNY,SSE
600515,海航基础,600515,海航基础,2002-08-06,390759.25,42277.41, ,CNY,SSE
600516,方大炭素,600516,方大炭素,2002-08-30,171916.04,171916.04, ,CNY,SSE
600517,置信电气,600517,置信电气,2003-10-10,135616.78,111366.9, ,CNY,SSE
600518,康美药业,600518,康美药业,2001-03-19,494722.37,439742.9, ,CNY,SSE
600519,贵州茅台,600519,贵州茅台,2001-08-27,125619.78,125619.78, ,CNY,SSE
600520,*ST中发,600520,*ST中发,2002-01-08,15843,15389, ,CNY,SSE
600521,华海药业,600521,华海药业,2003-03-04,104304.97,102165.35, ,CNY,SSE
600522,中天科技,600522,中天科技,2002-10-24,261077.11,215691.88, ,CNY,SSE
600523,贵航股份,600523,贵航股份,2001-12-27,28879.38,28860.33, ,CNY,SSE
600525,长园集团,600525,长园集团,2002-12-02,131801.82,110699.7, ,CNY,SSE
600526,菲达环保,600526,菲达环保,2002-07-22,54740.47,40688.95, ,CNY,SSE
600527,江南高纤,600527,江南高纤,2003-11-27,80208.94,80208.94, ,CNY,SSE
600528,中铁二局,600528,中铁二局,2001-05-28,145920,145920, ,CNY,SSE
600529,山东药玻,600529,山东药玻,2002-06-03,25738.01,25738.01, ,CNY,SSE
600530,交大昂立,600530,交大昂立,2001-07-02,78000,78000, ,CNY,SSE
600531,豫光金铅,600531,豫光金铅,2002-07-30,88575.23,88575.23, ,CNY,SSE
600532,宏达矿业,600532,宏达矿业,2002-10-31,51606.57,39623.44, ,CNY,SSE
600533,栖霞建设,600533,栖霞建设,2002-03-28,105000,105000, ,CNY,SSE
600535,天士力,600535,天士力,2002-08-23,108047.59,103284.27, ,CNY,SSE
600536,中国软件,600536,中国软件,2002-05-17,49456.28,48471.22, ,CNY,SSE
600537,亿晶光电,600537,亿晶光电,2003-01-23,117635.93,117635.93, ,CNY,SSE
600538,国发股份,600538,国发股份,2003-01-14,46440.12,27921.6, ,CNY,SSE
600539,ST狮头,600539,ST狮头,2001-08-24,23000,23000, ,CNY,SSE
600540,新赛股份,600540,新赛股份,2004-01-07,47092.33,46312.33, ,CNY,SSE
600543,莫高股份,600543,莫高股份,2004-03-24,32112,32112, ,CNY,SSE
600545,新疆城建,600545,新疆城建,2003-12-03,67578.58,67578.58, ,CNY,SSE
600546,*ST山煤,600546,*ST山煤,2003-07-31,198245.61,198245.61, ,CNY,SSE
600547,山东黄金,600547,山东黄金,2003-08-28,185711.88,142307.24, ,CNY,SSE
600548,深高速,600548,深高速,2001-12-25,218077.03,218077.03, ,CNY,SSE
600549,厦门钨业,600549,厦门钨业,2002-11-07,108157.4,88657.4, ,CNY,SSE
600550,保变电气,600550,保变电气,2001-02-28,153460.71,137299.09, ,CNY,SSE
600551,时代出版,600551,时代出版,2002-09-05,50582.53,50582.53, ,CNY,SSE
600552,凯盛科技,600552,凯盛科技,2002-11-08,38352.48,35899.47, ,CNY,SSE
600555,海航创新,600555,海航创新,2001-03-28,130350,130350, ,CNY,SSE
600556,慧球科技,600556,慧球科技,2001-08-07,39479.37,39479.37, ,CNY,SSE
600557,康缘药业,600557,康缘药业,2002-09-18,61644.91,44223.42, ,CNY,SSE
600558,大西洋,600558,大西洋,2001-02-27,89760.48,82872.46, ,CNY,SSE
600559,老白干酒,600559,老白干酒,2002-10-29,43806.02,35000, ,CNY,SSE
600560,金自天正,600560,金自天正,2002-09-19,22364.55,22364.55, ,CNY,SSE
600561,江西长运,600561,江西长运,2002-07-16,23706.4,23706.4, ,CNY,SSE
600562,国睿科技,600562,国睿科技,2003-01-28,47873.13,32764.59, ,CNY,SSE
600563,法拉电子,600563,法拉电子,2002-12-10,22500,22500, ,CNY,SSE
600565,迪马股份,600565,迪马股份,2002-07-23,234586.2,147220.26, ,CNY,SSE
600566,济川药业,600566,济川药业,2001-08-22,80962.4,17063.04, ,CNY,SSE
600567,山鹰纸业,600567,山鹰纸业,2001-12-18,455125.33,376693.96, ,CNY,SSE
600568,中珠医疗,600568,中珠医疗,2001-05-18,71173.92,50660.45, ,CNY,SSE
600569,安阳钢铁,600569,安阳钢铁,2001-08-20,239368.45,239368.45, ,CNY,SSE
600570,恒生电子,600570,恒生电子,2003-12-16,61780.52,61780.52, ,CNY,SSE
600571,信雅达,600571,信雅达,2002-11-01,43967.92,41987.21, ,CNY,SSE
600572,康恩贝,600572,康恩贝,2004-04-12,251073,205773.81, ,CNY,SSE
600573,惠泉啤酒,600573,惠泉啤酒,2003-02-26,25000,25000, ,CNY,SSE
600575,皖江物流,600575,皖江物流,2003-03-28,390811.02,142320, ,CNY,SSE
600576,万家文化,600576,万家文化,2003-02-20,63496.86,47980.48, ,CNY,SSE
600577,精达股份,600577,精达股份,2002-09-11,195532.42,141913.12, ,CNY,SSE
600578,京能电力,600578,京能电力,2002-05-10,461732.1,461732.1, ,CNY,SSE
600579,天华院,600579,天华院,2002-08-09,41063.6,25560, ,CNY,SSE
600580,卧龙电气,600580,卧龙电气,2002-06-06,128889.96,111052.72, ,CNY,SSE
600581,*ST八钢,600581,*ST八钢,2002-08-16,76644.89,76644.89, ,CNY,SSE
600582,天地科技,600582,天地科技,2002-05-15,413858.89,277433.61, ,CNY,SSE
600583,海油工程,600583,海油工程,2002-02-05,442135.48,442135.48, ,CNY,SSE
600584,长电科技,600584,长电科技,2003-06-03,103591.48,98457, ,CNY,SSE
600585,海螺水泥,600585,海螺水泥,2002-02-07,529930.26,529930.26, ,CNY,SSE
600586,金晶科技,600586,金晶科技,2002-08-15,145889.24,142270.74, ,CNY,SSE
600587,新华医疗,600587,新华医疗,2002-09-27,40642.81,40346.67, ,CNY,SSE
600588,用友网络,600588,用友网络,2001-05-18,146429.34,146036.6, ,CNY,SSE
600589,广东榕泰,600589,广东榕泰,2001-06-12,70530.58,60173, ,CNY,SSE
600590,泰豪科技,600590,泰豪科技,2002-07-03,66696.06,50200.57, ,CNY,SSE
600592,龙溪股份,600592,龙溪股份,2002-08-05,39955.36,39955.36, ,CNY,SSE
600593,大连圣亚,600593,大连圣亚,2002-07-11,9200,9200, ,CNY,SSE
600594,益佰制药,600594,益佰制药,2004-03-23,79192.74,78235.82, ,CNY,SSE
600595,中孚实业,600595,中孚实业,2002-06-26,174154.04,151487.38, ,CNY,SSE
600596,新安股份,600596,新安股份,2001-09-06,67918.46,67918.46, ,CNY,SSE
600597,光明乳业,600597,光明乳业,2002-08-28,123063.67,122430.2, ,CNY,SSE
600598,北大荒,600598,北大荒,2002-03-29,177767.99,177767.99, ,CNY,SSE
600599,熊猫金控,600599,熊猫金控,2001-08-28,16600,16600, ,CNY,SSE
600600,青岛啤酒,600600,青岛啤酒,1993-08-27,135098.28,135098.28, ,CNY,SSE
600601,方正科技,600601,方正科技,1990-12-19,219489.12,219489.12, ,CNY,SSE
600602,云赛智联,600602,云赛智联,1990-12-19,132683.51,117294.31, ,CNY,SSE
600603,*ST兴业,600603,*ST兴业,1992-01-13,19464.19,19464.19, ,CNY,SSE
600604,市北高新,600604,市北高新,1992-03-27,93665.24,61446.97, ,CNY,SSE
600605,汇通能源,600605,汇通能源,1992-03-27,14734.46,14734.46, ,CNY,SSE
600606,绿地控股,600606,绿地控股,1992-03-27,1216815.44,322336.83, ,CNY,SSE
600608,上海科技,600608,上海科技,1992-03-27,32886.14,31837.14, ,CNY,SSE
600609,金杯汽车,600609,金杯汽车,1992-07-24,109266.71,109266.71, ,CNY,SSE
600610,中毅达,600610,中毅达,1992-08-05,107127.46,65109.46, ,CNY,SSE
600611,大众交通,600611,大众交通,1992-08-07,236412.29,236412.29, ,CNY,SSE
600612,老凤祥,600612,老凤祥,1992-08-14,52311.78,52311.78, ,CNY,SSE
600613,神奇制药,600613,神奇制药,1992-08-20,53407.16,53407.16, ,CNY,SSE
600614,鼎立股份,600614,鼎立股份,1992-08-28,175277.38,142084.33, ,CNY,SSE
600615,丰华股份,600615,丰华股份,1992-09-10,18802.05,18762.45, ,CNY,SSE
600616,金枫酒业,600616,金枫酒业,1992-09-29,51461.92,48803.76, ,CNY,SSE
600617,国新能源,600617,国新能源,1992-10-13,108466.37,33523.12, ,CNY,SSE
600618,氯碱化工,600618,氯碱化工,1992-11-13,115640,115640, ,CNY,SSE
600619,海立股份,600619,海立股份,1992-11-13,86631.07,69752.5, ,CNY,SSE
600620,天宸股份,600620,天宸股份,1992-11-17,68667.71,68667.71, ,CNY,SSE
600621,华鑫股份,600621,华鑫股份,1992-12-02,52408.24,52408.24, ,CNY,SSE
600622,嘉宝集团,600622,嘉宝集团,1992-12-03,68260.6,51430.38, ,CNY,SSE
600623,华谊集团,600623,华谊集团,1992-12-04,211743.09,88946.77, ,CNY,SSE
600624,复旦复华,600624,复旦复华,1993-01-05,68471.2,58331.2, ,CNY,SSE
600626,申达股份,600626,申达股份,1993-01-07,71024.28,71024.28, ,CNY,SSE
600628,新世界,600628,新世界,1993-01-09,64687.54,53179.93, ,CNY,SSE
600629,华建集团,600629,华建集团,1993-02-09,35906.02,34799.98, ,CNY,SSE
600630,龙头股份,600630,龙头股份,1993-02-09,42486.16,42486.16, ,CNY,SSE
600633,浙报传媒,600633,浙报传媒,1993-03-04,118828.76,118828.76, ,CNY,SSE
600634,中技控股,600634,中技控股,1993-03-04,57573.21,39797.87, ,CNY,SSE
600635,大众公用,600635,大众公用,1993-03-04,246730.47,246730.47, ,CNY,SSE
600636,三爱富,600636,三爱富,1993-03-16,44694.19,42613.17, ,CNY,SSE
600637,东方明珠,600637,东方明珠,1993-03-16,262653.76,217989.83, ,CNY,SSE
600638,新黄浦,600638,新黄浦,1993-03-26,56116.4,56116.4, ,CNY,SSE
600639,浦东金桥,600639,浦东金桥,1993-03-26,112241.29,97534.25, ,CNY,SSE
600640,号百控股,600640,号百控股,1993-04-07,53536.45,53536.45, ,CNY,SSE
600641,万业企业,600641,万业企业,1993-04-07,80615.87,80615.87, ,CNY,SSE
600642,申能股份,600642,申能股份,1993-04-16,455203.83,455203.83, ,CNY,SSE
600643,爱建集团,600643,爱建集团,1993-04-26,143713.98,143402.79, ,CNY,SSE
600644,乐山电力,600644,乐山电力,1993-04-26,53840.07,32648.01, ,CNY,SSE
600645,中源协和,600645,中源协和,1993-05-04,38609.13,32878.21, ,CNY,SSE
600647,同达创业,600647,同达创业,1993-05-04,13914.36,13914.36, ,CNY,SSE
600648,外高桥,600648,外高桥,1993-05-04,113534.91,113534.91, ,CNY,SSE
600649,城投控股,600649,城投控股,1993-05-18,298752.35,298752.35, ,CNY,SSE
600650,锦江投资,600650,锦江投资,1993-06-07,55161.01,55161.01, ,CNY,SSE
600651,飞乐音响,600651,飞乐音响,1986-09-26,99193.69,76862.19, ,CNY,SSE
600652,游久游戏,600652,游久游戏,1990-12-19,83270.35,64379.36, ,CNY,SSE
600653,申华控股,600653,申华控股,1990-12-19,194638.03,174638.03, ,CNY,SSE
600654,中安消,600654,中安消,1990-12-19,128302.1,75504.32, ,CNY,SSE
600655,豫园商城,600655,豫园商城,1992-09-02,143732.2,143732.2, ,CNY,SSE
600657,信达地产,600657,信达地产,1993-05-24,152426.04,152426.04, ,CNY,SSE
600658,电子城,600658,电子城,1993-05-24,79898.93,58009.74, ,CNY,SSE
600660,福耀玻璃,600660,福耀玻璃,1993-06-10,250861.75,250861.75, ,CNY,SSE
600661,新南洋,600661,新南洋,1993-06-14,25907.65,18140.01, ,CNY,SSE
600662,强生控股,600662,强生控股,1993-06-14,105336.22,105336.22, ,CNY,SSE
600663,陆家嘴,600663,陆家嘴,1993-06-28,336183.12,336183.12, ,CNY,SSE
600664,哈药股份,600664,哈药股份,1993-06-29,249272.83,249272.83, ,CNY,SSE
600665,天地源,600665,天地源,1993-07-09,86412.25,86412.25, ,CNY,SSE
600666,奥瑞德,600666,奥瑞德,1993-07-12,76707.89,49669.84, ,CNY,SSE
600667,太极实业,600667,太极实业,1993-07-28,119127.43,119127.43, ,CNY,SSE
600668,尖峰集团,600668,尖峰集团,1993-07-28,34408.38,34408.38, ,CNY,SSE
600671,天目药业,600671,天目药业,1993-08-23,12177.89,12172.05, ,CNY,SSE
600673,东阳光科,600673,东阳光科,1993-09-17,246887.39,245741.62, ,CNY,SSE
600674,川投能源,600674,川投能源,1993-09-24,440214.05,440214.05, ,CNY,SSE
600675,*ST中企,600675,*ST中企,1993-09-24,186705.94,186705.94, ,CNY,SSE
600676,交运股份,600676,交运股份,1993-09-28,86237.39,86237.39, ,CNY,SSE
600677,航天通信,600677,航天通信,1993-09-28,52179.17,39837.69, ,CNY,SSE
600678,四川金顶,600678,四川金顶,1993-10-08,34899,34899, ,CNY,SSE
600679,上海凤凰,600679,上海凤凰,1993-10-08,40219.89,35361.97, ,CNY,SSE
600680,上海普天,600680,上海普天,1993-10-18,38222.53,38222.53, ,CNY,SSE
600681,百川能源,600681,百川能源,1993-10-18,96415.75,24933.41, ,CNY,SSE
600682,南京新百,600682,南京新百,1993-10-18,82801.63,71622.04, ,CNY,SSE
600683,京投发展,600683,京投发展,1993-10-25,74077.76,74077.76, ,CNY,SSE
600684,珠江实业,600684,珠江实业,1993-10-28,71121.73,71121.73, ,CNY,SSE
600685,中船防务,600685,中船防务,1993-10-28,141350.64,114140.71, ,CNY,SSE
600686,金龙汽车,600686,金龙汽车,1993-11-08,60673.85,44259.71, ,CNY,SSE
600687,刚泰控股,600687,刚泰控股,1993-11-08,148871.53,107853.94, ,CNY,SSE
600688,上海石化,600688,上海石化,1993-11-08,1080000,1080000, ,CNY,SSE
600689,上海三毛,600689,上海三毛,1993-11-08,20099.13,20099.13, ,CNY,SSE
600690,青岛海尔,600690,青岛海尔,1993-11-19,609763.07,549141.67, ,CNY,SSE
600691,阳煤化工,600691,阳煤化工,1993-11-19,175678.69,175639.09, ,CNY,SSE
600692,亚通股份,600692,亚通股份,1993-11-19,35176.41,25501.05, ,CNY,SSE
600693,东百集团,600693,东百集团,1993-11-22,89822.91,68483.44, ,CNY,SSE
600694,大商股份,600694,大商股份,1993-11-22,29371.87,29371.87, ,CNY,SSE
600695,绿庭投资,600695,绿庭投资,1993-11-22,71113.21,71113.21, ,CNY,SSE
600696,匹凸匹,600696,匹凸匹,1993-12-06,34056.56,34056.56, ,CNY,SSE
600697,欧亚集团,600697,欧亚集团,1993-12-06,15908.81,15515.6, ,CNY,SSE
600698,湖南天雁,600698,湖南天雁,1993-12-06,97181.74,66109.18, ,CNY,SSE
600699,均胜电子,600699,均胜电子,1993-12-06,68936.98,68936.98, ,CNY,SSE
600701,*ST工新,600701,*ST工新,1996-05-28,91200.51,49878.19, ,CNY,SSE
600702,沱牌舍得,600702,沱牌舍得,1996-05-24,33730,33730, ,CNY,SSE
600703,三安光电,600703,三安光电,1996-05-28,407842.49,379260.55, ,CNY,SSE
600704,物产中大,600704,物产中大,1996-06-06,287112.16,89179.69, ,CNY,SSE
600705,中航资本,600705,中航资本,1996-05-16,897632.58,746539.69, ,CNY,SSE
600706,曲江文旅,600706,曲江文旅,1996-05-16,17950.97,17790.87, ,CNY,SSE
600707,彩虹股份,600707,彩虹股份,1996-05-20,73675.77,73603.77, ,CNY,SSE
600708,光明地产,600708,光明地产,1996-06-06,131872,51286.86, ,CNY,SSE
600710,*ST常林,600710,*ST常林,1996-07-01,64028.4,64028.4, ,CNY,SSE
600711,盛屯矿业,600711,盛屯矿业,1996-05-31,149705.23,145674.73, ,CNY,SSE
600712,南宁百货,600712,南宁百货,1996-06-26,54465.54,53772.91, ,CNY,SSE
600713,南京医药,600713,南京医药,1996-07-01,89742.56,69358.07, ,CNY,SSE
600714,金瑞矿业,600714,金瑞矿业,1996-06-06,28817.63,28203.96, ,CNY,SSE
600715,文投控股,600715,文投控股,1996-07-01,164912.9,44851.2, ,CNY,SSE
600716,凤凰股份,600716,凤凰股份,1996-07-02,93606.06,74060.06, ,CNY,SSE
600717,天津港,600717,天津港,1996-06-14,167476.91,167476.91, ,CNY,SSE
600718,东软集团,600718,东软集团,1996-06-18,124319.77,122759.42, ,CNY,SSE
600719,大连热电,600719,大连热电,1996-07-16,40459.96,40459.96, ,CNY,SSE
600720,祁连山,600720,祁连山,1996-07-16,77629.03,77616.27, ,CNY,SSE
600721,*ST百花,600721,*ST百花,1996-06-26,34898.31,24852.43, ,CNY,SSE
600722,金牛化工,600722,金牛化工,1996-06-26,68031.97,68031.97, ,CNY,SSE
600723,首商股份,600723,首商股份,1996-07-16,65840.76,65806.96, ,CNY,SSE
600724,宁波富达,600724,宁波富达,1996-07-16,144524.11,144494.27, ,CNY,SSE
600725,*ST云维,600725,*ST云维,1996-07-02,61623.5,61623.5, ,CNY,SSE
600726,华电能源,600726,华电能源,1996-07-01,196667.52,196667.52, ,CNY,SSE
600727,鲁北化工,600727,鲁北化工,1996-07-02,35098.66,35092.66, ,CNY,SSE
600728,佳都科技,600728,佳都科技,1996-07-16,152957.43,104182.5, ,CNY,SSE
600729,重庆百货,600729,重庆百货,1996-07-02,40652.85,37299.14, ,CNY,SSE
600730,中国高科,600730,中国高科,1996-07-26,58665.6,58665.6, ,CNY,SSE
600731,湖南海利,600731,湖南海利,1996-08-02,32731.41,25565.31, ,CNY,SSE
600733,S前锋,600733,S前锋,1996-08-16,19758.6,7560, ,CNY,SSE
600734,实达集团,600734,实达集团,1996-08-08,59024.36,35110.84, ,CNY,SSE
600735,新华锦,600735,新华锦,1996-07-26,37599.23,37599.23, ,CNY,SSE
600736,苏州高新,600736,苏州高新,1996-08-15,119429.29,113895.09, ,CNY,SSE
600737,中粮屯河,600737,中粮屯河,1996-07-31,205187.62,132266.35, ,CNY,SSE
600738,兰州民百,600738,兰州民百,1996-08-02,36886.76,36819.86, ,CNY,SSE
600739,辽宁成大,600739,辽宁成大,1996-08-19,152970.98,136470.98, ,CNY,SSE
600740,山西焦化,600740,山西焦化,1996-08-08,76570,65683.28, ,CNY,SSE
600741,华域汽车,600741,华域汽车,1996-08-26,315272.4,258320.02, ,CNY,SSE
600742,一汽富维,600742,一汽富维,1996-08-26,42304.68,42304.68, ,CNY,SSE
600743,华远地产,600743,华远地产,1996-09-09,234610.09,234610.09, ,CNY,SSE
600744,华银电力,600744,华银电力,1996-09-05,178112.43,82763.44, ,CNY,SSE
600745,中茵股份,600745,中茵股份,1996-08-28,48332.04,48332.04, ,CNY,SSE
600746,江苏索普,600746,江苏索普,1996-09-18,30642.15,30466.09, ,CNY,SSE
600747,大连控股,600747,大连控股,1996-09-16,146432.84,106432.84, ,CNY,SSE
600748,上实发展,600748,上实发展,1996-09-25,184456.29,140838.21, ,CNY,SSE
600749,西藏旅游,600749,西藏旅游,1996-10-15,18913.79,18913.79, ,CNY,SSE
600750,江中药业,600750,江中药业,1996-09-23,30000,30000, ,CNY,SSE
600751,天海投资,600751,天海投资,1996-09-09,289933.78,229733.11, ,CNY,SSE
600753,东方银星,600753,东方银星,1996-09-27,12800,12800, ,CNY,SSE
600754,锦江股份,600754,锦江股份,1996-10-11,95793.64,60324.07, ,CNY,SSE
600755,厦门国贸,600755,厦门国贸,1996-10-03,166449.75,166449.75, ,CNY,SSE
600756,浪潮软件,600756,浪潮软件,1996-09-23,32409.88,27874.73, ,CNY,SSE
600757,长江传媒,600757,长江传媒,1996-10-03,121365.03,121349.71, ,CNY,SSE
600758,红阳能源,600758,红阳能源,1996-10-29,134087.93,11531.03, ,CNY,SSE
600759,洲际油气,600759,洲际油气,1996-10-08,226350.75,158082.93, ,CNY,SSE
600760,*ST黑豹,600760,*ST黑豹,1996-10-11,34494.51,34494.51, ,CNY,SSE
600761,安徽合力,600761,安徽合力,1996-10-09,61681.73,61681.73, ,CNY,SSE
600763,通策医疗,600763,通策医疗,1996-10-30,32064,32064, ,CNY,SSE
600764,中电广通,600764,中电广通,1996-11-04,32972.7,32972.7, ,CNY,SSE
600765,中航重机,600765,中航重机,1996-11-06,77800.32,77800.32, ,CNY,SSE
600766,园城黄金,600766,园城黄金,1996-10-28,22422.68,22393.21, ,CNY,SSE
600767,运盛医疗,600767,运盛医疗,1996-11-15,34101.02,34091.02, ,CNY,SSE
600768,宁波富邦,600768,宁波富邦,1996-11-11,13374.72,13374.72, ,CNY,SSE
600769,祥龙电业,600769,祥龙电业,1996-11-01,37497.72,37497.72, ,CNY,SSE
600770,综艺股份,600770,综艺股份,1996-11-20,130000,110460, ,CNY,SSE
600771,广誉远,600771,广誉远,1996-11-05,27780.84,24380.84, ,CNY,SSE
600773,西藏城投,600773,西藏城投,1996-11-08,72921.37,69314.77, ,CNY,SSE
600774,汉商集团,600774,汉商集团,1996-11-08,17457.54,17442.9, ,CNY,SSE
600775,南京熊猫,600775,南京熊猫,1996-11-18,91383.85,91383.85, ,CNY,SSE
600776,东方通信,600776,东方通信,1996-11-26,125600.01,125600.01, ,CNY,SSE
600777,新潮能源,600777,新潮能源,1996-11-21,106611.49,62542.33, ,CNY,SSE
600778,友好集团,600778,友好集团,1996-12-03,31149.14,31108.67, ,CNY,SSE
600779,水井坊,600779,水井坊,1996-12-06,48854.57,48854.57, ,CNY,SSE
600780,通宝能源,600780,通宝能源,1996-12-05,114650.25,114650.25, ,CNY,SSE
600781,辅仁药业,600781,辅仁药业,1996-12-18,17759.29,17759.29, ,CNY,SSE
600782,新钢股份,600782,新钢股份,1996-12-25,278689.62,278689.62, ,CNY,SSE
600783,鲁信创投,600783,鲁信创投,1996-12-25,74435.93,74435.93, ,CNY,SSE
600784,鲁银投资,600784,鲁银投资,1996-12-25,56817.78,49661.37, ,CNY,SSE
600785,新华百货,600785,新华百货,1997-01-08,22563.13,20743.13, ,CNY,SSE
600787,中储股份,600787,中储股份,1997-01-21,219980.1,185982.84, ,CNY,SSE
600789,鲁抗医药,600789,鲁抗医药,1997-02-26,58157.55,58157.55, ,CNY,SSE
600790,轻纺城,600790,轻纺城,1997-02-28,104699.35,104699.35, ,CNY,SSE
600791,京能置业,600791,京能置业,1997-01-30,45288,45231.37, ,CNY,SSE
600792,云煤能源,600792,云煤能源,1997-01-23,98992.36,95202.89, ,CNY,SSE
600793,ST宜纸,600793,ST宜纸,1997-02-20,10530,10530, ,CNY,SSE
600794,保税科技,600794,保税科技,1997-03-06,121215.22,110277.42, ,CNY,SSE
600795,国电电力,600795,国电电力,1997-03-18,1965039.78,1965039.78, ,CNY,SSE
600796,钱江生化,600796,钱江生化,1997-04-08,30140.21,30140.21, ,CNY,SSE
600797,浙大网新,600797,浙大网新,1997-04-18,91404.33,82171.2, ,CNY,SSE
600798,宁波海运,600798,宁波海运,1997-04-23,103085.09,103085.09, ,CNY,SSE
600800,天津磁卡,600800,天津磁卡,1993-12-06,61127.1,61031.1, ,CNY,SSE
600801,华新水泥,600801,华新水泥,1994-01-03,149757.13,149757.13, ,CNY,SSE
600802,福建水泥,600802,福建水泥,1994-01-03,38187.37,38187.37, ,CNY,SSE
600803,新奥股份,600803,新奥股份,1994-01-03,98578.5,98578.5, ,CNY,SSE
600804,鹏博士,600804,鹏博士,1994-01-03,141358.18,138912.96, ,CNY,SSE
600805,悦达投资,600805,悦达投资,1994-01-03,85089.45,84925.33, ,CNY,SSE
600806,*ST昆机,600806,*ST昆机,1994-01-03,53108.11,53108.11, ,CNY,SSE
600807,天业股份,600807,天业股份,1994-01-03,88463.47,64411.97, ,CNY,SSE
600808,马钢股份,600808,马钢股份,1994-01-06,770068.12,770068.12, ,CNY,SSE
600809,山西汾酒,600809,山西汾酒,1994-01-06,86584.83,86584.83, ,CNY,SSE
600810,神马股份,600810,神马股份,1994-01-06,44228,44228, ,CNY,SSE
600811,东方集团,600811,东方集团,1994-01-06,285736.62,166680.54, ,CNY,SSE
600812,华北制药,600812,华北制药,1994-01-14,163080.47,137857.76, ,CNY,SSE
600814,杭州解百,600814,杭州解百,1994-01-14,71502.68,31038.3, ,CNY,SSE
600815,厦工股份,600815,厦工股份,1994-01-28,95897,95897, ,CNY,SSE
600816,安信信托,600816,安信信托,1994-01-28,176988.98,113527.44, ,CNY,SSE
600817,*ST宏盛,600817,*ST宏盛,1994-01-28,16091.01,15567.91, ,CNY,SSE
600818,中路股份,600818,中路股份,1994-01-28,32144.79,32144.79, ,CNY,SSE
600819,耀皮玻璃,600819,耀皮玻璃,1994-01-28,93491.61,85997.26, ,CNY,SSE
600820,隧道股份,600820,隧道股份,1994-01-28,314409.61,314409.61, ,CNY,SSE
600821,津劝业,600821,津劝业,1994-01-28,41626.82,41626.82, ,CNY,SSE
600822,上海物贸,600822,上海物贸,1994-02-04,49597.29,49597.29, ,CNY,SSE
600823,世茂股份,600823,世茂股份,1994-02-04,267940.59,246707.02, ,CNY,SSE
600824,益民集团,600824,益民集团,1994-02-04,105402.71,105402.71, ,CNY,SSE
600825,新华传媒,600825,新华传媒,1994-02-04,104488.79,104488.79, ,CNY,SSE
600826,兰生股份,600826,兰生股份,1994-02-04,42064.23,42064.23, ,CNY,SSE
600827,百联股份,600827,百联股份,1994-02-04,178416.81,172249.58, ,CNY,SSE
600828,茂业商业,600828,茂业商业,1994-02-24,173198.25,56981.73, ,CNY,SSE
600829,人民同泰,600829,人民同泰,1994-02-24,57988.86,57988.86, ,CNY,SSE
600830,香溢融通,600830,香溢融通,1994-02-24,45432.27,45432.27, ,CNY,SSE
600831,广电网络,600831,广电网络,1994-02-24,60496.77,56343.85, ,CNY,SSE
600833,第一医药,600833,第一医药,1994-02-24,22308.63,22308.63, ,CNY,SSE
600834,申通地铁,600834,申通地铁,1994-02-24,47738.19,47738.19, ,CNY,SSE
600835,上海机电,600835,上海机电,1994-02-24,102273.93,102273.93, ,CNY,SSE
600836,界龙实业,600836,界龙实业,1994-02-24,66275.31,65302.41, ,CNY,SSE
600837,海通证券,600837,海通证券,1994-02-24,1150170,1150170, ,CNY,SSE
600838,上海九百,600838,上海九百,1994-02-24,40088.2,40088.2, ,CNY,SSE
600839,四川长虹,600839,四川长虹,1994-03-11,461624.42,460999.78, ,CNY,SSE
600841,上柴股份,600841,上柴股份,1994-03-11,86668.98,86668.98, ,CNY,SSE
600843,上工申贝,600843,上工申贝,1994-03-11,54858.96,54858.96, ,CNY,SSE
600844,丹化科技,600844,丹化科技,1994-03-11,101652.42,77862.06, ,CNY,SSE
600845,宝信软件,600845,宝信软件,1994-03-11,78324.92,72696.41, ,CNY,SSE
600846,同济科技,600846,同济科技,1994-03-11,62476.15,62476.15, ,CNY,SSE
600847,万里股份,600847,万里股份,1994-03-24,15328.74,15328.74, ,CNY,SSE
600848,上海临港,600848,上海临港,1994-03-24,89517.21,50669.9, ,CNY,SSE
600850,华东电脑,600850,华东电脑,1994-03-24,41826.84,41826.84, ,CNY,SSE
600851,海欣股份,600851,海欣股份,1994-04-04,120705.67,120705.67, ,CNY,SSE
600853,龙建股份,600853,龙建股份,1994-04-04,53680.77,53680.77, ,CNY,SSE
600854,春兰股份,600854,春兰股份,1994-04-25,51945.85,51945.85, ,CNY,SSE
600855,航天长峰,600855,航天长峰,1994-04-25,33161.74,33011.44, ,CNY,SSE
600856,中天能源,600856,中天能源,1994-04-25,113433.12,77103.04, ,CNY,SSE
600857,宁波中百,600857,宁波中百,1994-04-25,22431.99,22431.99, ,CNY,SSE
600858,银座股份,600858,银座股份,1994-05-06,52006.66,51754.8, ,CNY,SSE
600859,王府井,600859,王府井,1994-05-06,77625.04,60159.85, ,CNY,SSE
600860,京城股份,600860,京城股份,1994-05-06,42200,42200, ,CNY,SSE
600861,北京城乡,600861,北京城乡,1994-05-20,31680.49,31680.49, ,CNY,SSE
600862,中航高科,600862,中航高科,1994-05-20,139304.91,63792.85, ,CNY,SSE
600863,内蒙华电,600863,内蒙华电,1994-05-20,580774.5,580774.5, ,CNY,SSE
600864,哈投股份,600864,哈投股份,1994-08-09,210851.38,54637.82, ,CNY,SSE
600865,百大集团,600865,百大集团,1994-08-09,37624.03,37624.03, ,CNY,SSE
600866,*ST星湖,600866,*ST星湖,1994-08-18,64539.35,55039.35, ,CNY,SSE
600867,通化东宝,600867,通化东宝,1994-08-24,142193.35,136330.25, ,CNY,SSE
600868,梅雁吉祥,600868,梅雁吉祥,1994-09-12,189814.87,189814.87, ,CNY,SSE
600869,智慧能源,600869,智慧能源,1995-02-06,221935.27,198008.67, ,CNY,SSE
600870,厦华电子,600870,厦华电子,1995-02-28,52319.97,52319.97, ,CNY,SSE
600871,石化油服,600871,石化油服,1995-04-11,1414266.1,491833.33, ,CNY,SSE
600872,中炬高新,600872,中炬高新,1995-01-24,79663.72,79663.72, ,CNY,SSE
600873,梅花生物,600873,梅花生物,1995-02-17,310822.66,310822.66, ,CNY,SSE
600874,创业环保,600874,创业环保,1995-06-30,142722.84,142722.84, ,CNY,SSE
600875,东方电气,600875,东方电气,1995-10-10,233690.04,233690.04, ,CNY,SSE
600876,洛阳玻璃,600876,洛阳玻璃,1995-10-31,52676.69,50001.82, ,CNY,SSE
600877,中国嘉陵,600877,中国嘉陵,1995-10-13,68728.2,68728.2, ,CNY,SSE
600879,航天电子,600879,航天电子,1995-11-15,122254.22,103953.7, ,CNY,SSE
600880,博瑞传播,600880,博瑞传播,1995-11-15,109333.21,73336.51, ,CNY,SSE
600881,亚泰集团,600881,亚泰集团,1995-11-15,259994.57,189473.21, ,CNY,SSE
600882,广泽股份,600882,广泽股份,1995-12-06,39923.8,39923.8, ,CNY,SSE
600883,博闻科技,600883,博闻科技,1995-12-08,23608.8,23608.8, ,CNY,SSE
600884,杉杉股份,600884,杉杉股份,1996-01-30,112276.5,82171.65, ,CNY,SSE
600885,宏发股份,600885,宏发股份,1996-02-05,53197.25,53197.25, ,CNY,SSE
600886,国投电力,600886,国投电力,1996-01-18,678602.33,678602.33, ,CNY,SSE
600887,伊利股份,600887,伊利股份,1996-03-12,606480.01,603336.92, ,CNY,SSE
600888,新疆众和,600888,新疆众和,1996-02-15,64122.59,64122.59, ,CNY,SSE
600889,南京化纤,600889,南京化纤,1996-03-08,30706.93,30706.93, ,CNY,SSE
600890,中房股份,600890,中房股份,1996-03-18,57919.49,57919.49, ,CNY,SSE
600891,秋林集团,600891,秋林集团,1996-03-25,61758.58,32413.49, ,CNY,SSE
600892,大晟文化,600892,大晟文化,1996-03-15,13986.6,6289.94, ,CNY,SSE
600893,中航动力,600893,中航动力,1996-04-08,194871.88,136750.09, ,CNY,SSE
600894,广日股份,600894,广日股份,1996-03-28,85994.69,85994.69, ,CNY,SSE
600895,张江高科,600895,张江高科,1996-04-22,154868.96,154868.96, ,CNY,SSE
600896,中海海盛,600896,中海海盛,1996-05-03,87328.66,58131.58, ,CNY,SSE
600897,厦门空港,600897,厦门空港,1996-05-31,29781,29781, ,CNY,SSE
600898,三联商社,600898,三联商社,1996-04-18,25252.38,25252.38, ,CNY,SSE
600900,长江电力,600900,长江电力,2003-11-18,2200000,974594.15, ,CNY,SSE
600908,无锡银行,600908,无锡银行,2016-09-23,184811.48,18481.15, ,CNY,SSE
600917,重庆燃气,600917,重庆燃气,2014-09-30,155600,15600, ,CNY,SSE
600919,江苏银行,600919,江苏银行,2016-08-02,1154445,115445, ,CNY,SSE
600926,杭州银行,600926,杭州银行,2016-10-27,261744.92,26175, ,CNY,SSE
600936,广西广电,600936,广西广电,2016-08-15,167102.62,30000, ,CNY,SSE
600958,东方证券,600958,东方证券,2015-03-23,621545.2,415323.48, ,CNY,SSE
600959,江苏有线,600959,江苏有线,2015-04-28,388452.98,139617.84, ,CNY,SSE
600960,渤海活塞,600960,渤海活塞,2004-04-07,52471.94,51281.24, ,CNY,SSE
600961,株冶集团,600961,株冶集团,2004-08-30,52745.79,52745.79, ,CNY,SSE
600962,国投中鲁,600962,国投中鲁,2004-06-22,26221,25402, ,CNY,SSE
600963,岳阳林纸,600963,岳阳林纸,2004-05-25,104315.91,104315.91, ,CNY,SSE
600965,福成股份,600965,福成股份,2004-07-13,81870.1,38005.47, ,CNY,SSE
600966,博汇纸业,600966,博汇纸业,2004-06-08,133684.43,133684.43, ,CNY,SSE
600967,北方创业,600967,北方创业,2004-05-18,82282.8,82282.8, ,CNY,SSE
600969,郴电国际,600969,郴电国际,2004-04-08,26432.18,26432.18, ,CNY,SSE
600970,中材国际,600970,中材国际,2005-04-12,175425.79,163994.59, ,CNY,SSE
600971,恒源煤电,600971,恒源煤电,2004-08-17,100000.41,100000.41, ,CNY,SSE
600973,宝胜股份,600973,宝胜股份,2004-08-02,90526.85,66299.35, ,CNY,SSE
600975,新五丰,600975,新五丰,2004-06-09,65267.56,46872.03, ,CNY,SSE
600976,健民集团,600976,健民集团,2004-04-19,15339.86,15322.9, ,CNY,SSE
600977,中国电影,600977,中国电影,2016-08-09,186700,46700, ,CNY,SSE
600978,宜华生活,600978,宜华生活,2004-08-24,148287,148287, ,CNY,SSE
600979,广安爱众,600979,广安爱众,2004-09-06,94789.21,71789.21, ,CNY,SSE
600980,北矿科技,600980,北矿科技,2004-05-12,15220.99,13000, ,CNY,SSE
600981,汇鸿集团,600981,汇鸿集团,2004-06-30,224243.32,24185.46, ,CNY,SSE
600982,宁波热电,600982,宁波热电,2004-07-06,74693,67613, ,CNY,SSE
600983,惠而浦,600983,惠而浦,2004-07-27,76643.9,53280, ,CNY,SSE
600984,建设机械,600984,建设机械,2004-07-07,63676.42,43334.72, ,CNY,SSE
600985,雷鸣科化,600985,雷鸣科化,2004-04-28,26285.47,26285.47, ,CNY,SSE
600986,科达股份,600986,科达股份,2004-04-26,86888.64,45237.33, ,CNY,SSE
600987,航民股份,600987,航民股份,2004-08-09,63531,63531, ,CNY,SSE
600988,赤峰黄金,600988,赤峰黄金,2004-04-14,71319.07,61034.2, ,CNY,SSE
600990,四创电子,600990,四创电子,2004-05-10,13670.2,13670.2, ,CNY,SSE
600992,贵绳股份,600992,贵绳股份,2004-05-14,24509,24509, ,CNY,SSE
600993,马应龙,600993,马应龙,2004-05-17,43105.39,43023.63, ,CNY,SSE
600995,文山电力,600995,文山电力,2004-06-15,47852.64,47852.64, ,CNY,SSE
600997,开滦股份,600997,开滦股份,2004-06-02,123464,123464, ,CNY,SSE
600998,九州通,600998,九州通,2010-11-02,164702.48,144201.92, ,CNY,SSE
600999,招商证券,600999,招商证券,2009-11-17,669942.23,569438.66, ,CNY,SSE
601000,唐山港,601000,唐山港,2010-07-05,404718.92,401588.49, ,CNY,SSE
601001,大同煤业,601001,大同煤业,2006-06-23,167370,167370, ,CNY,SSE
601002,晋亿实业,601002,晋亿实业,2007-01-26,79269,79269, ,CNY,SSE
601003,柳钢股份,601003,柳钢股份,2007-02-27,256279.32,256279.32, ,CNY,SSE
601005,重庆钢铁,601005,重庆钢铁,2007-02-28,443602.26,243984.1, ,CNY,SSE
601006,大秦铁路,601006,大秦铁路,2006-08-01,1486679.15,1486679.15, ,CNY,SSE
601007,金陵饭店,601007,金陵饭店,2007-04-06,30000,30000, ,CNY,SSE
601008,连云港,601008,连云港,2007-04-26,101521.51,81163.51, ,CNY,SSE
601009,南京银行,601009,南京银行,2007-07-19,605871.99,576393.09, ,CNY,SSE
601010,文峰股份,601010,文峰股份,2011-06-03,184800,184800, ,CNY,SSE
601011,宝泰隆,601011,宝泰隆,2011-03-09,136750,130874.56, ,CNY,SSE
601012,隆基股份,601012,隆基股份,2012-04-11,198419.86,174921.72, ,CNY,SSE
601015,陕西黑猫,601015,陕西黑猫,2014-11-05,93000,44400, ,CNY,SSE
601016,节能风电,601016,节能风电,2014-09-29,207778,81778, ,CNY,SSE
601018,宁波港,601018,宁波港,2010-09-28,1317284.78,1280000, ,CNY,SSE
601020,华钰矿业,601020,华钰矿业,2016-03-16,52567.66,5200, ,CNY,SSE
601021,春秋航空,601021,春秋航空,2015-01-21,80000,20000, ,CNY,SSE
601028,玉龙股份,601028,玉龙股份,2011-11-07,78466.48,78302.58, ,CNY,SSE
601038,一拖股份,601038,一拖股份,2012-08-08,99590,99590, ,CNY,SSE
601058,赛轮金宇,601058,赛轮金宇,2011-06-30,229393.72,221651.92, ,CNY,SSE
601069,西部黄金,601069,西部黄金,2015-01-22,63600,18975, ,CNY,SSE
601088,中国神华,601088,中国神华,2007-10-09,1988962.05,1988962.05, ,CNY,SSE
601098,中南传媒,601098,中南传媒,2010-10-28,179600,179600, ,CNY,SSE
601099,太平洋,601099,太平洋,2007-12-28,681631.64,647881.64, ,CNY,SSE
601100,恒立液压,601100,恒立液压,2011-10-28,63000,63000, ,CNY,SSE
601101,昊华能源,601101,昊华能源,2010-03-31,119999.83,119999.83, ,CNY,SSE
601106,中国一重,601106,中国一重,2010-02-09,653800,653800, ,CNY,SSE
601107,四川成渝,601107,四川成渝,2009-07-27,305806,305806, ,CNY,SSE
601111,中国国航,601111,中国国航,2006-08-18,1308475.1,1308475.1, ,CNY,SSE
601113,华鼎股份,601113,华鼎股份,2011-05-09,83305,64000, ,CNY,SSE
601116,三江购物,601116,三江购物,2011-03-02,41075.88,41075.88, ,CNY,SSE
601117,中国化学,601117,中国化学,2010-01-07,493300,493300, ,CNY,SSE
601118,海南橡胶,601118,海南橡胶,2011-01-07,393117.16,393117.16, ,CNY,SSE
601126,四方股份,601126,四方股份,2010-12-31,81317.2,81317.2, ,CNY,SSE
601127,小康股份,601127,小康工业,2016-06-15,89250,14250, ,CNY,SSE
601128,常熟银行,601128,常熟银行,2016-09-30,222272.8,22227.28, ,CNY,SSE
601137,博威合金,601137,博威合金,2011-01-27,62721.97,43000, ,CNY,SSE
601139,深圳燃气,601139,深圳燃气,2009-12-25,221165.88,218148.48, ,CNY,SSE
601155,新城控股,601155,新城控股,2015-12-04,222048.42,69106.05, ,CNY,SSE
601158,重庆水务,601158,重庆水务,2010-03-29,480000,480000, ,CNY,SSE
601163,三角轮胎,601163,三角轮胎,2016-09-09,80000,20000, ,CNY,SSE
601166,兴业银行,601166,兴业银行,2007-02-05,1905233.68,1905233.68, ,CNY,SSE
601168,西部矿业,601168,西部矿业,2007-07-12,238300,238300, ,CNY,SSE
601169,北京银行,601169,北京银行,2007-09-19,1520667.57,1520667.57, ,CNY,SSE
601177,杭齿前进,601177,杭齿前进,2010-10-11,40006,40006, ,CNY,SSE
601179,中国西电,601179,中国西电,2010-01-28,512588.24,512588.24, ,CNY,SSE
601186,中国铁建,601186,中国铁建,2008-03-10,1357954.15,1357954.15, ,CNY,SSE
601188,龙江交通,601188,龙江交通,2010-03-19,131587.86,121320, ,CNY,SSE
601198,东兴证券,601198,东兴证券,2015-02-26,275796.07,90400, ,CNY,SSE
601199,江南水务,601199,江南水务,2011-03-17,93520,93520, ,CNY,SSE
601208,东材科技,601208,东材科技,2011-05-20,61576,61576, ,CNY,SSE
601211,国泰君安,601211,国泰君安,2015-06-26,762500,477400.92, ,CNY,SSE
601216,君正集团,601216,君正集团,2011-02-22,843801.74,737280, ,CNY,SSE
601218,吉鑫科技,601218,吉鑫科技,2011-05-06,99176,99176, ,CNY,SSE
601222,林洋能源,601222,林洋能源,2011-08-08,174253.18,142310.55, ,CNY,SSE
601225,陕西煤业,601225,陕西煤业,2014-01-28,1000000,271000, ,CNY,SSE
601226,华电重工,601226,华电重工,2014-12-11,115500,36750, ,CNY,SSE
601231,环旭电子,601231,环旭电子,2012-02-20,217592.36,217592.36, ,CNY,SSE
601233,桐昆股份,601233,桐昆股份,2011-05-18,123193.63,96360, ,CNY,SSE
601238,广汽集团,601238,广汽集团,2012-03-29,645005.31,645005.31, ,CNY,SSE
601258,庞大集团,601258,庞大集团,2011-04-28,667506.34,648011.34, ,CNY,SSE
601288,农业银行,601288,农业银行,2010-07-15,32479411.7,32479411.7, ,CNY,SSE
601311,骆驼股份,601311,骆驼股份,2011-06-02,84839.58,84839.58, ,CNY,SSE
601313,江南嘉捷,601313,江南嘉捷,2012-01-16,39718.24,39718.24, ,CNY,SSE
601318,中国平安,601318,中国平安,2007-03-01,1828024.14,1828024.14, ,CNY,SSE
601328,交通银行,601328,交通银行,2007-05-15,7426272.66,7426272.66, ,CNY,SSE
601333,广深铁路,601333,广深铁路,2006-12-22,708353.7,708353.7, ,CNY,SSE
601336,新华保险,601336,新华保险,2011-12-16,311954.66,311954.66, ,CNY,SSE
601339,百隆东方,601339,百隆东方,2012-06-12,150000,150000, ,CNY,SSE
601368,绿城水务,601368,绿城水务,2015-06-12,73581.09,29420.27, ,CNY,SSE
601369,陕鼓动力,601369,陕鼓动力,2010-04-28,163877.02,163877.02, ,CNY,SSE
601377,兴业证券,601377,兴业证券,2010-10-13,669667.17,669667.17, ,CNY,SSE
601388,怡球资源,601388,怡球资源,2012-04-23,202540,202540, ,CNY,SSE
601390,中国中铁,601390,中国中铁,2007-12-03,2284430.15,2253542.12, ,CNY,SSE
601398,工商银行,601398,工商银行,2006-10-27,35640625.71,35640625.71, ,CNY,SSE
601500,通用股份,601500,通用股份,2016-09-19,72691.91,17491.91, ,CNY,SSE
601515,东风股份,601515,东风股份,2012-02-16,111200,111200, ,CNY,SSE
601518,吉林高速,601518,吉林高速,2010-03-19,121320,121320, ,CNY,SSE
601519,大智慧,601519,大智慧,2011-01-28,198770,198770, ,CNY,SSE
601555,东吴证券,601555,东吴证券,2011-12-12,300000,259100, ,CNY,SSE
601558,华锐风电,601558,华锐风电,2011-01-13,603060,566220, ,CNY,SSE
601566,九牧王,601566,九牧王,2011-05-30,57463.72,57463.72, ,CNY,SSE
601567,三星医疗,601567,三星医疗,2011-06-15,141880.69,101545.9, ,CNY,SSE
601579,会稽山,601579,会稽山,2014-08-25,49736,24800, ,CNY,SSE
601588,北辰实业,601588,北辰实业,2006-10-16,336702,336702, ,CNY,SSE
601595,上海电影,601595,上海电影,2016-08-17,37350,9350, ,CNY,SSE
601599,鹿港文化,601599,鹿港文化,2011-05-27,89418.86,70287.59, ,CNY,SSE
601600,中国铝业,601600,中国铝业,2007-04-30,1490379.82,1490379.82, ,CNY,SSE
601601,中国太保,601601,中国太保,2007-12-25,906200,906200, ,CNY,SSE
601607,上海医药,601607,上海医药,1994-03-24,268891.05,268882.89, ,CNY,SSE
601608,中信重工,601608,中信重工,2012-07-06,433941.93,411000, ,CNY,SSE
601611,中国核建,601611,中国核建,2016-06-06,262500,52500, ,CNY,SSE
601616,广电电气,601616,广电电气,2011-02-01,93557.5,93557.5, ,CNY,SSE
601618,中国中冶,601618,中国中冶,2009-09-21,1911000,1911000, ,CNY,SSE
601628,中国人寿,601628,中国人寿,2007-01-09,2826470.5,2826470.5, ,CNY,SSE
601633,长城汽车,601633,长城汽车,2011-09-28,912726.9,912726.9, ,CNY,SSE
601636,旗滨集团,601636,旗滨集团,2011-08-12,260833.98,247163.98, ,CNY,SSE
601666,平煤股份,601666,平煤股份,2006-11-23,236116.5,236116.5, ,CNY,SSE
601668,中国建筑,601668,中国建筑,2009-07-29,3000000,2994681.56, ,CNY,SSE
601669,中国电建,601669,中国电建,2011-10-18,1375463.35,960000, ,CNY,SSE
601677,明泰铝业,601677,明泰铝业,2011-09-19,48275.6,40770.24, ,CNY,SSE
601678,滨化股份,601678,滨化股份,2010-02-23,118800,118800, ,CNY,SSE
601688,华泰证券,601688,华泰证券,2010-02-26,716276.88,716276.88, ,CNY,SSE
601689,拓普集团,601689,拓普集团,2015-03-19,64910,17070, ,CNY,SSE
601699,潞安环能,601699,潞安环能,2006-09-22,299140.92,299140.92, ,CNY,SSE
601700,风范股份,601700,风范股份,2011-01-18,113324.7,112269.08, ,CNY,SSE
601717,郑煤机,601717,郑煤机,2010-08-03,162112.2,162112.2, ,CNY,SSE
601718,际华集团,601718,际华集团,2010-08-16,385700,385700, ,CNY,SSE
601727,上海电气,601727,上海电气,2008-12-05,1343115.64,1282431.31, ,CNY,SSE
601766,中国中车,601766,中国中车,2008-08-18,2728875.83,2728875.83, ,CNY,SSE
601777,力帆股份,601777,力帆股份,2010-11-25,125635.34,123663.34, ,CNY,SSE
601788,光大证券,601788,光大证券,2009-08-18,458669.88,458669.88, ,CNY,SSE
601789,宁波建工,601789,宁波建工,2011-08-16,97608,97608, ,CNY,SSE
601798,蓝科高新,601798,蓝科高新,2011-06-22,35452.82,35452.82, ,CNY,SSE
601799,星宇股份,601799,星宇股份,2011-02-01,27615.52,23965, ,CNY,SSE
601800,中国交建,601800,中国交建,2012-03-09,1617473.54,1617473.54, ,CNY,SSE
601801,皖新传媒,601801,皖新传媒,2010-01-18,198920.47,182000, ,CNY,SSE
601808,中海油服,601808,中海油服,2007-09-28,477159.2,477159.2, ,CNY,SSE
601811,新华文轩,601811,新华文轩,2016-08-08,123384.1,54064.71, ,CNY,SSE
601818,光大银行,601818,光大银行,2010-08-18,4623655.95,4623655.95, ,CNY,SSE
601857,中国石油,601857,中国石油,2007-11-05,18302097.78,18302097.78, ,CNY,SSE
601866,中海集运,601866,中海集运,2007-12-12,1168312.5,1168312.5, ,CNY,SSE
601872,招商轮船,601872,招商轮船,2006-12-01,529945.81,472092.18, ,CNY,SSE
601877,正泰电器,601877,正泰电器,2010-01-21,131944.6,131944.6, ,CNY,SSE
601880,大连港,601880,大连港,2010-12-06,1289453.6,1289453.6, ,CNY,SSE
601886,江河集团,601886,江河集团,2011-08-18,115405,115405, ,CNY,SSE
601888,中国国旅,601888,中国国旅,2009-10-15,97623.78,97623.78, ,CNY,SSE
601890,亚星锚链,601890,亚星锚链,2010-12-28,95940,95940, ,CNY,SSE
601898,中煤能源,601898,中煤能源,2008-02-01,1325866.34,1325866.34, ,CNY,SSE
601899,紫金矿业,601899,紫金矿业,2008-04-25,2154074.37,2154074.37, ,CNY,SSE
601900,南方传媒,601900,南方传媒,2016-02-15,81910,16910, ,CNY,SSE
601901,方正证券,601901,方正证券,2011-08-10,823210.14,628985.05, ,CNY,SSE
601908,京运通,601908,京运通,2011-09-08,199731.77,171954.05, ,CNY,SSE
601918,*ST新集,601918,*ST新集,2007-12-19,259054.18,259054.18, ,CNY,SSE
601919,中国远洋,601919,中国远洋,2007-06-26,1021627.44,1021627.44, ,CNY,SSE
601928,凤凰传媒,601928,凤凰传媒,2011-11-30,254490,254490, ,CNY,SSE
601929,吉视传媒,601929,吉视传媒,2012-02-23,311080.12,311080.12, ,CNY,SSE
601933,永辉超市,601933,永辉超市,2010-12-15,957046.21,650887.13, ,CNY,SSE
601939,建设银行,601939,建设银行,2007-09-25,25001097.75,25001097.75, ,CNY,SSE
601958,金钼股份,601958,金钼股份,2008-04-17,322660.44,322660.44, ,CNY,SSE
601965,中国汽研,601965,中国汽研,2012-06-11,96117.99,96117.99, ,CNY,SSE
601966,玲珑轮胎,601966,玲珑轮胎,2016-07-06,120000,20000, ,CNY,SSE
601968,宝钢包装,601968,宝钢包装,2015-06-11,83333.33,28333.33, ,CNY,SSE
601969,海南矿业,601969,海南矿业,2014-12-09,186667,85867, ,CNY,SSE
601985,中国核电,601985,中国核电,2015-06-10,1556543,424125, ,CNY,SSE
601988,中国银行,601988,中国银行,2006-07-05,29438779.12,29438779.12, ,CNY,SSE
601989,中国重工,601989,中国重工,2009-12-16,1836166.51,1795785.55, ,CNY,SSE
601991,大唐发电,601991,大唐发电,2006-12-20,1331003.76,1331003.76, ,CNY,SSE
601992,金隅股份,601992,金隅股份,2011-03-01,1067777.11,856238.61, ,CNY,SSE
601996,丰林集团,601996,丰林集团,2011-09-29,46891.2,46891.2, ,CNY,SSE
601997,贵阳银行,601997,贵阳银行,2016-08-16,229859.19,50000, ,CNY,SSE
601998,中信银行,601998,中信银行,2007-04-27,4893479.66,4678732.7, ,CNY,SSE
601999,出版传媒,601999,出版传媒,2007-12-21,55091.47,55091.47, ,CNY,SSE
603000,人民网,603000,人民网,2012-04-27,110569.11,110569.11, ,CNY,SSE
603001,奥康国际,603001,奥康国际,2012-04-26,40098,40098, ,CNY,SSE
603002,宏昌电子,603002,宏昌电子,2012-05-18,61396.17,60000, ,CNY,SSE
603003,龙宇燃油,603003,龙宇燃油,2012-08-17,44111.46,20200, ,CNY,SSE
603005,晶方科技,603005,晶方科技,2014-02-10,22669.7,9963.91, ,CNY,SSE
603006,联明股份,603006,联明股份,2014-06-30,19291.76,6888, ,CNY,SSE
603007,花王股份,603007,花王股份,2016-08-26,13335,3335, ,CNY,SSE
603008,喜临门,603008,喜临门,2012-07-17,38285.78,31500, ,CNY,SSE
603009,北特科技,603009,北特科技,2014-07-18,13137.46,3473.02, ,CNY,SSE
603010,万盛股份,603010,万盛股份,2014-10-10,25439.2,10480.05, ,CNY,SSE
603011,合锻智能,603011,合锻智能,2014-11-07,44619.88,21170, ,CNY,SSE
603012,创力集团,603012,创力集团,2015-03-20,63656,42383.41, ,CNY,SSE
603015,弘讯科技,603015,弘讯科技,2015-03-03,40020,16020, ,CNY,SSE
603016,新宏泰,603016,新宏泰,2016-07-01,14816,3705, ,CNY,SSE
603017,中衡设计,603017,中衡设计,2014-12-31,27537.37,11953.26, ,CNY,SSE
603018,中设集团,603018,中设集团,2014-10-13,20800,12586.59, ,CNY,SSE
603019,中科曙光,603019,中科曙光,2014-11-06,64302.4,35873.09, ,CNY,SSE
603020,爱普股份,603020,爱普股份,2015-03-25,32000,19346, ,CNY,SSE
603021,山东华鹏,603021,山东华鹏,2015-04-23,12305.7,6396, ,CNY,SSE
603022,新通联,603022,新通联,2015-05-18,20000,6500, ,CNY,SSE
603023,威帝股份,603023,威帝股份,2015-05-27,36000,12701.7, ,CNY,SSE
603025,大豪科技,603025,大豪科技,2015-04-22,44700,5100, ,CNY,SSE
603026,石大胜华,603026,石大胜华,2015-05-29,20268,14042.76, ,CNY,SSE
603027,千禾味业,603027,千禾味业,2016-03-07,16000,4000, ,CNY,SSE
603028,赛福天,603028,赛福天,2016-03-31,22080,5520, ,CNY,SSE
603029,天鹅股份,603029,天鹅股份,2016-04-27,9334,2334, ,CNY,SSE
603030,全筑股份,603030,全筑股份,2015-03-20,17736.11,6435.53, ,CNY,SSE
603031,安德利,603031,安德利,2016-08-22,8000,2000, ,CNY,SSE
603066,音飞储存,603066,音飞储存,2015-06-11,10071,4562.5, ,CNY,SSE
603067,振华股份,603067,振华股份,2016-09-13,22000,5500, ,CNY,SSE
603069,海汽集团,603069,海汽集团,2016-07-12,31600,7900, ,CNY,SSE
603077,和邦生物,603077,和邦生物,2012-07-31,401420.46,318512.38, ,CNY,SSE
603085,天成自控,603085,天成自控,2015-06-30,11191.77,2875, ,CNY,SSE
603088,宁波精达,603088,宁波精达,2014-11-11,8000,2500, ,CNY,SSE
603090,宏盛股份,603090,宏盛股份,2016-08-31,10000,2500, ,CNY,SSE
603099,长白山,603099,长白山,2014-08-22,26667,10267, ,CNY,SSE
603100,川仪股份,603100,川仪股份,2014-08-05,39500,23138.14, ,CNY,SSE
603101,汇嘉时代,603101,汇嘉时代,2016-05-06,24000,6000, ,CNY,SSE
603108,润达医疗,603108,润达医疗,2015-05-27,28237.89,12325.54, ,CNY,SSE
603111,康尼机电,603111,康尼机电,2014-08-01,73838.33,37880, ,CNY,SSE
603116,红蜻蜓,603116,红蜻蜓,2015-06-29,40880,18070.57, ,CNY,SSE
603117,万林股份,603117,万林股份,2015-06-29,46232.09,23510.5, ,CNY,SSE
603118,共进股份,603118,共进股份,2015-02-25,35561.91,11898.43, ,CNY,SSE
603123,翠微股份,603123,翠微股份,2012-05-03,52414.42,36839.49, ,CNY,SSE
603126,中材节能,603126,中材节能,2014-07-31,61050,21804, ,CNY,SSE
603128,华贸物流,603128,华贸物流,2012-05-29,99918.48,80834.9, ,CNY,SSE
603131,上海沪工,603131,上海沪工,2016-06-07,10000,2500, ,CNY,SSE
603158,腾龙股份,603158,腾龙股份,2015-03-20,21836.6,10134, ,CNY,SSE
603159,上海亚虹,603159,上海亚虹,2016-08-12,10000,2500, ,CNY,SSE
603160,汇顶科技,603160,汇顶科技,2016-10-17,44500,4500, ,CNY,SSE
603166,福达股份,603166,福达股份,2014-11-27,59201.87,7804.92, ,CNY,SSE
603167,渤海轮渡,603167,渤海轮渡,2012-09-06,48140,48140, ,CNY,SSE
603168,莎普爱思,603168,莎普爱思,2014-07-02,16337.5,10060.6, ,CNY,SSE
603169,兰石重装,603169,兰石重装,2014-10-09,102541.56,38670.4, ,CNY,SSE
603188,亚邦股份,603188,亚邦股份,2014-09-09,57600,37900.8, ,CNY,SSE
603189,网达软件,603189,网达软件,2016-09-14,22080,5520, ,CNY,SSE
603198,迎驾贡酒,603198,迎驾贡酒,2015-05-28,80000,16640, ,CNY,SSE
603199,九华旅游,603199,九华旅游,2015-03-26,11068,7294.43, ,CNY,SSE
603222,济民制药,603222,济民制药,2015-02-17,32000,11294, ,CNY,SSE
603223,恒通股份,603223,恒通股份,2015-06-30,12000,7900, ,CNY,SSE
603227,雪峰科技,603227,雪峰科技,2015-05-15,65870,42154, ,CNY,SSE
603258,电魂网络,603258,电魂网络,2016-10-26,24000,6000, ,CNY,SSE
603268,松发股份,603268,松发股份,2015-03-19,8800,4114, ,CNY,SSE
603288,海天味业,603288,海天味业,2014-02-11,270495.07,27174.67, ,CNY,SSE
603299,井神股份,603299,井神股份,2015-12-31,55944,9000, ,CNY,SSE
603300,华铁科技,603300,华铁科技,2015-05-29,40534,27811.4, ,CNY,SSE
603306,华懋科技,603306,华懋科技,2014-09-26,21390,7218.75, ,CNY,SSE
603308,应流股份,603308,应流股份,2014-01-22,43375.43,23982.12, ,CNY,SSE
603309,维力医疗,603309,维力医疗,2015-03-02,20000,7700, ,CNY,SSE
603311,金海环境,603311,金海环境,2015-05-18,21000,9300.63, ,CNY,SSE
603313,恒康家居,603313,恒康家居,2016-10-13,24000,6000, ,CNY,SSE
603315,福鞍股份,603315,福鞍股份,2015-04-24,20000,7786.25, ,CNY,SSE
603318,派思股份,603318,派思股份,2015-04-24,36570,10620, ,CNY,SSE
603322,超讯通信,603322,超讯通信,2016-07-28,8000,2000, ,CNY,SSE
603328,依顿电子,603328,依顿电子,2014-07-01,49845.32,9798, ,CNY,SSE
603333,明星电缆,603333,明星电缆,2012-05-07,52000.5,52000.5, ,CNY,SSE
603338,浙江鼎力,603338,浙江鼎力,2015-03-25,16250,4622.5, ,CNY,SSE
603339,四方冷链,603339,四方冷链,2016-05-19,20680,5170, ,CNY,SSE
603355,莱克电气,603355,莱克电气,2015-05-13,40100,6669, ,CNY,SSE
603366,日出东方,603366,日出东方,2012-05-21,80000,80000, ,CNY,SSE
603368,柳州医药,603368,柳州医药,2014-12-04,14234.8,5738.39, ,CNY,SSE
603369,今世缘,603369,今世缘,2014-07-03,125450,68075, ,CNY,SSE
603377,东方时尚,603377,东方时尚,2016-02-05,42000,5000, ,CNY,SSE
603393,新天然气,603393,新天然气,2016-09-12,16000,4000, ,CNY,SSE
603398,邦宝益智,603398,邦宝益智,2015-12-09,21120,5280, ,CNY,SSE
603399,新华龙,603399,新华龙,2012-08-24,49925.06,49925.06, ,CNY,SSE
603421,鼎信通讯,603421,鼎信通讯,2016-10-11,43340,4340, ,CNY,SSE
603456,九洲药业,603456,九洲药业,2014-10-10,44314.62,11568, ,CNY,SSE
603508,思维列控,603508,思维列控,2015-12-24,16000,4000, ,CNY,SSE
603515,欧普照明,603515,欧普照明,2016-08-19,57947.91,5800, ,CNY,SSE
603518,维格娜丝,603518,维格娜丝,2014-12-03,14798,5562.76, ,CNY,SSE
603519,立霸股份,603519,立霸股份,2015-03-19,16000,7687.96, ,CNY,SSE
603520,司太立,603520,司太立,2016-03-09,12000,3000, ,CNY,SSE
603528,多伦科技,603528,多伦科技,2016-05-03,20668,5168, ,CNY,SSE
603555,贵人鸟,603555,贵人鸟,2014-01-24,61400,11388.5, ,CNY,SSE
603558,健盛集团,603558,健盛集团,2015-01-27,37050,11550, ,CNY,SSE
603566,普莱柯,603566,普莱柯,2015-05-18,32000,16211.82, ,CNY,SSE
603567,珍宝岛,603567,珍宝岛,2015-04-24,84916,12916, ,CNY,SSE
603568,伟明环保,603568,伟明环保,2015-05-28,68070,13063.8, ,CNY,SSE
603569,长久物流,603569,长久物流,2016-08-10,40001,4001, ,CNY,SSE
603588,高能环境,603588,高能环境,2014-12-29,33092.3,24275.63, ,CNY,SSE
603589,口子窖,603589,口子窖,2015-06-29,60000,29352.44, ,CNY,SSE
603598,引力传媒,603598,引力传媒,2015-05-27,26668,9736, ,CNY,SSE
603599,广信股份,603599,广信股份,2015-05-13,37648,13648, ,CNY,SSE
603600,永艺股份,603600,永艺股份,2015-01-23,10000,4187.5, ,CNY,SSE
603601,再升科技,603601,再升科技,2015-01-22,38615.13,15633.2, ,CNY,SSE
603606,东方电缆,603606,东方电缆,2014-10-15,31097,13923.8, ,CNY,SSE
603608,天创时尚,603608,天创时尚,2016-02-18,28000,7000, ,CNY,SSE
603609,禾丰牧业,603609,禾丰牧业,2014-08-08,83117.65,41839.19, ,CNY,SSE
603611,诺力股份,603611,诺力股份,2015-01-28,16000,9302.5, ,CNY,SSE
603616,韩建河山,603616,韩建河山,2015-06-11,29336,14736, ,CNY,SSE
603618,杭电股份,603618,杭电股份,2015-02-17,68687.89,26325, ,CNY,SSE
603636,南威软件,603636,南威软件,2014-12-30,10000,4259.58, ,CNY,SSE
603658,安图生物,603658,安图生物,2016-09-01,42000,4200, ,CNY,SSE
603663,三祥新材,603663,三祥新材,2016-08-01,13415,3355, ,CNY,SSE
603667,五洲新春,603667,五洲新春,2016-10-25,20240,5060, ,CNY,SSE
603669,灵康药业,603669,灵康药业,2015-05-28,26000,8645, ,CNY,SSE
603678,火炬电子,603678,火炬电子,2015-01-26,18106.64,8069.97, ,CNY,SSE
603686,龙马环卫,603686,龙马环卫,2015-01-26,27235,10625, ,CNY,SSE
603688,石英股份,603688,石英股份,2014-10-31,22489.2,8016, ,CNY,SSE
603696,安记食品,603696,安记食品,2015-12-09,12000,3000, ,CNY,SSE
603698,航天工程,603698,航天工程,2015-01-28,41230,8877.06, ,CNY,SSE
603699,纽威股份,603699,纽威股份,2014-01-17,75000,15500, ,CNY,SSE
603701,德宏股份,603701,德宏股份,2016-04-12,7840,1960, ,CNY,SSE
603703,盛洋科技,603703,盛洋科技,2015-04-23,22970,9591.88, ,CNY,SSE
603716,塞力斯,603716,塞力斯,2016-10-31,5094,1274, ,CNY,SSE
603718,海利生物,603718,海利生物,2015-05-15,64400,30493.4, ,CNY,SSE
603726,朗迪集团,603726,朗迪集团,2016-04-21,9472,2368, ,CNY,SSE
603729,龙韵股份,603729,龙韵股份,2015-03-24,6667,3610, ,CNY,SSE
603737,三棵树,603737,三棵树,2016-06-03,10000,2500, ,CNY,SSE
603738,泰晶科技,603738,泰晶科技,2016-09-28,6668,1668, ,CNY,SSE
603766,隆鑫通用,603766,隆鑫通用,2012-08-10,84460.64,82512.07, ,CNY,SSE
603777,来伊份,603777,来伊份,2016-10-12,24000,6000, ,CNY,SSE
603778,乾景园林,603778,乾景园林,2015-12-31,20000,5000, ,CNY,SSE
603779,威龙股份,603779,威龙股份,2016-05-16,20020,5020, ,CNY,SSE
603788,宁波高发,603788,宁波高发,2015-01-20,14097,4691.1, ,CNY,SSE
603789,星光农机,603789,星光农机,2015-04-27,20155.9,8000, ,CNY,SSE
603798,康普顿,603798,康普顿,2016-04-06,10000,2500, ,CNY,SSE
603799,华友钴业,603799,华友钴业,2015-01-29,53519,27127.2, ,CNY,SSE
603800,道森股份,603800,道森股份,2015-12-10,20800,5200, ,CNY,SSE
603806,福斯特,603806,福斯特,2014-09-05,40200,9021, ,CNY,SSE
603808,歌力思,603808,歌力思,2015-04-22,24847.31,8303.86, ,CNY,SSE
603816,顾家家居,603816,顾家家居,2016-10-14,41250,8250, ,CNY,SSE
603818,曲美家居,603818,曲美家居,2015-04-22,48412,13160.8, ,CNY,SSE
603822,嘉澳环保,603822,嘉澳环保,2016-04-28,7335,1835, ,CNY,SSE
603828,柯利达,603828,柯利达,2015-02-26,18451.2,6012, ,CNY,SSE
603838,四通股份,603838,四通股份,2015-07-01,26668,9728, ,CNY,SSE
603843,正平股份,603843,正平股份,2016-09-05,40000.3,9970, ,CNY,SSE
603859,能科股份,603859,能科股份,2016-10-21,11356,2839, ,CNY,SSE
603861,白云电器,603861,白云电器,2016-03-22,40910,4910, ,CNY,SSE
603866,桃李面包,603866,桃李面包,2015-12-22,45012.6,4501.26, ,CNY,SSE
603868,飞科电器,603868,飞科电器,2016-04-18,43560,4360, ,CNY,SSE
603869,北部湾旅,603869,北部湾旅,2015-03-26,29878.13,7287.29, ,CNY,SSE
603883,老百姓,603883,老百姓,2015-04-23,26700,8412.32, ,CNY,SSE
603885,吉祥航空,603885,吉祥航空,2015-05-27,128358.11,21500, ,CNY,SSE
603887,城地股份,603887,城地股份,2016-10-10,9810,2460, ,CNY,SSE
603888,新华网,603888,新华网,2016-10-28,20761.17,5190.29, ,CNY,SSE
603889,新澳股份,603889,新澳股份,2014-12-31,32462,14056.72, ,CNY,SSE
603898,好莱客,603898,好莱客,2015-02-17,29990,8723.4, ,CNY,SSE
603899,晨光文具,603899,晨光文具,2015-01-27,92000,22400, ,CNY,SSE
603901,永创智能,603901,永创智能,2015-05-29,40000,15400, ,CNY,SSE
603909,合诚股份,603909,合诚股份,2016-06-28,10000,2500, ,CNY,SSE
603918,金桥信息,603918,金桥信息,2015-05-28,17600,12334.4, ,CNY,SSE
603919,金徽酒,603919,金徽酒,2016-03-10,28000,7000, ,CNY,SSE
603936,博敏电子,603936,博敏电子,2015-12-09,16735,4185, ,CNY,SSE
603939,益丰药房,603939,益丰药房,2015-02-17,36269.47,15600.8, ,CNY,SSE
603958,哈森股份,603958,哈森股份,2016-06-29,21736,5435.57, ,CNY,SSE
603959,百利科技,603959,百利科技,2016-05-17,22400,5600, ,CNY,SSE
603968,醋化股份,603968,醋化股份,2015-05-18,20448,13660, ,CNY,SSE
603969,银龙股份,603969,银龙股份,2015-02-27,40000,15263.05, ,CNY,SSE
603979,金诚信,603979,金诚信,2015-06-30,45000,17696.64, ,CNY,SSE
603986,兆易创新,603986,兆易创新,2016-08-18,10000,2500, ,CNY,SSE
603988,中电电机,603988,中电电机,2014-11-04,8000,2240, ,CNY,SSE
603989,艾华集团,603989,艾华集团,2015-05-15,30000,7500, ,CNY,SSE
603993,洛阳钼业,603993,洛阳钼业,2012-10-09,1688719.87,1688719.87, ,CNY,SSE
603996,中新科技,603996,中新科技,2015-12-22,30015,7515, ,CNY,SSE
603997,继峰股份,603997,继峰股份,2015-03-02,42000,11400, ,CNY,SSE
603998,方盛制药,603998,方盛制药,2014-12-05,43325.87,26917.72, ,CNY,SSE
603999,读者传媒,603999,读者传媒,2015-12-10,28800,7200, ,CNY,SSE
